"id","order_id","ip","location","user_agent","os","browser","lang","referer"
"1","1","47.91.146.229","United States Georgia Atlanta","Mozilla/5.0 (Windows NT 10.0; Win64; x64) AppleWebKit/537.36 (KHTML, like Gecko) Chrome/57.0.2987.110 Safari/537.36","Windows10.0","Chrome57.0.2987.110","zh-cn,zh","https://www.jollyhers.com/checkout/address"
"8","8","47.91.146.229","United States Georgia Atlanta","Mozilla/5.0 (Windows NT 6.1; Win64; x64) AppleWebKit/537.36 (KHTML, like Gecko) Chrome/59.0.3071.86 Safari/537.36","Windows6.1","Chrome59.0.3071.86","zh-cn,zh","https://www.jollyhers.com/checkout/address"
"9","9","47.91.146.229","United States Georgia Atlanta","Mozilla/5.0 (Windows NT 6.1; Win64; x64) AppleWebKit/537.36 (KHTML, like Gecko) Chrome/60.0.3112.90 Safari/537.36","Windows6.1","Chrome60.0.3112.90","zh-cn,zh","https://www.jollyhers.com/checkout/address"
"15","15","67.198.189.3","United States Arizona Chandler","Mozilla/5.0 (Windows NT 6.1; Win64; x64) AppleWebKit/537.36 (KHTML, like Gecko) Chrome/46.0.2490.86 Safari/537.36","Windows6.1","Chrome46.0.2490.86","zh-cn,zh","https://www.jollyhers.com/checkout/address"
"22","22","47.91.146.229","United States Arizona Chandler","Mozilla/5.0 (Windows NT 10.0; Win64; x64) AppleWebKit/537.36 (KHTML, like Gecko) Chrome/60.0.3112.113 Safari/537.36","Windows10.0","Chrome60.0.3112.113","zh-cn,zh","https://www.jollyhers.com/checkout/address"
"24","24","47.91.146.229","United States Arizona Chandler","Mozilla/5.0 (Windows NT 6.1; WOW64) AppleWebKit/537.36 (KHTML, like Gecko) Chrome/49.0.2623.110 Safari/537.36","Windows6.1","Chrome49.0.2623.110","zh-cn,zh,en,en-us","https://www.jollyhers.com/checkout/address"
"31","31","47.91.146.229","United States Arizona Chandler","Mozilla/5.0 (Windows NT 6.1; WOW64) AppleWebKit/537.36 (KHTML, like Gecko) Chrome/49.0.2623.110 Safari/537.36","Windows6.1","Chrome49.0.2623.110","zh-cn,zh,en,en-us","https://www.jollyhers.com/checkout/address"
"36","36","67.198.189.3","United States Arizona Chandler","Mozilla/5.0 (Windows NT 6.1; Win64; x64) AppleWebKit/537.36 (KHTML, like Gecko) Chrome/46.0.2490.86 Safari/537.36","Windows6.1","Chrome46.0.2490.86","zh-cn,zh","https://www.jollyhers.com/checkout/address"
"38","38","1.80.3.177","United States Arizona Chandler","Mozilla/5.0 (Windows NT 10.0; Win64; x64) AppleWebKit/537.36 (KHTML, like Gecko) Chrome/60.0.3112.113 Safari/537.36","Windows10.0","Chrome60.0.3112.113","zh-cn,zh","https://www.jollyhers.com/checkout/address"
"45","45","1.80.145.49","United States Arizona Chandler","Mozilla/5.0 (Windows NT 6.1; Win64; x64) AppleWebKit/537.36 (KHTML, like Gecko) Chrome/60.0.3112.90 Safari/537.36","Windows6.1","Chrome60.0.3112.90","zh-cn,zh","https://www.jollyhers.com/checkout/address"
"51","51","47.91.146.229","France Provence-Alpes-Côte d'Azur Marseille","Mozilla/5.0 (Windows NT 6.1; Win64; x64) AppleWebKit/537.36 (KHTML, like Gecko) Chrome/59.0.3071.86 Safari/537.36","Windows6.1","Chrome59.0.3071.86","zh-cn,zh","https://www.jollyhers.com/checkout/address"
"58","58","47.91.146.229","Australia Queensland Runaway Bay","Mozilla/5.0 (Windows NT 6.1; Win64; x64) AppleWebKit/537.36 (KHTML, like Gecko) Chrome/59.0.3071.86 Safari/537.36","Windows6.1","Chrome59.0.3071.86","zh-cn,zh","https://www.jollyhers.com/checkout/address"
"59","59","47.91.146.229","Australia Queensland Runaway Bay","Mozilla/5.0 (Windows NT 6.1; WOW64) AppleWebKit/537.36 (KHTML, like Gecko) Chrome/48.0.2564.116 Safari/537.36 TheWorld 7","Windows6.1","Chrome48.0.2564.116","zh-cn,zh","https://www.jollyhers.com/checkout/address"
"64","64","47.91.146.229","Australia Queensland Runaway Bay","Mozilla/5.0 (Windows NT 6.1; WOW64) AppleWebKit/537.36 (KHTML, like Gecko) Chrome/48.0.2564.116 Safari/537.36 TheWorld 7","Windows6.1","Chrome48.0.2564.116","zh-cn,zh","https://www.jollyhers.com/checkout/address"
"71","71","1.80.145.49","Australia Queensland Runaway Bay","Mozilla/5.0 (Windows NT 6.1; Win64; x64) AppleWebKit/537.36 (KHTML, like Gecko) Chrome/60.0.3112.90 Safari/537.36","Windows6.1","Chrome60.0.3112.90","zh-cn,zh","https://www.jollyhers.com/checkout/address"
"72","72","67.198.189.3","Australia Queensland Runaway Bay","Mozilla/5.0 (Windows NT 6.1; WOW64) AppleWebKit/537.36 (KHTML, like Gecko) Chrome/48.0.2564.116 Safari/537.36 TheWorld 7","Windows6.1","Chrome48.0.2564.116","zh-cn,zh","https://www.jollyhers.com/checkout/address"
"79","79","106.36.216.81","China Shaanxi Xi'an","Mozilla/5.0 (Linux; U; Android 4.4.2; zh-CN; H60-L03 Build/HDH60-L03) AppleWebKit/534.30 (KHTML, like Gecko) Version/4.0 UCBrowser/11.1.0.870 U3/0.8.0 Mobile Safari/534.30","AndroidOS4.4.2","Safari4.0","zh-cn","https://www.jollyhers.com/checkout/address"
"86","86","1.80.145.49","China Shaanxi Xi'an","Mozilla/5.0 (Linux; U; Android 6.0; zh-CN; MZ-m3 note Build/MRA58K) AppleWebKit/537.36 (KHTML, like Gecko) Version/4.0 Chrome/40.0.2214.89 MZBrowser/6.5.506 UWS/2.10.1.22 Mobile Safari/537.36","AndroidOS6.0","Chrome40.0.2214.89","zh-cn,en-us","https://www.jollyhers.com/checkout/address"
"93","93","47.91.146.229","China Shaanxi Xi'an","Mozilla/5.0 (iPhone; CPU iPhone OS 9_1 like Mac OS X) AppleWebKit/601.1.46 (KHTML, like Gecko) Version/9.0 Mobile/13B143 Safari/601.1","iOS9_1","Safari9.0","zh-cn,zh","https://www.jollyhers.com/checkout/address"
"100","100","1.80.3.177","Australia Victoria Melbourne","Mozilla/5.0 (Windows NT 10.0; Win64; x64) AppleWebKit/537.36 (KHTML, like Gecko) Chrome/60.0.3112.113 Safari/537.36","Windows10.0","Chrome60.0.3112.113","zh-cn,zh","https://www.jollyhers.com/checkout/address"
"107","107","47.91.146.229","Australia Victoria Melbourne","Mozilla/5.0 (Windows NT 10.0; Win64; x64) AppleWebKit/537.36 (KHTML, like Gecko) Chrome/60.0.3112.113 Safari/537.36","Windows10.0","Chrome60.0.3112.113","zh-cn,zh","https://www.jollyhers.com/checkout/address"
"113","113","47.91.146.229","Australia New South Wales Mascot","Mozilla/5.0 (Windows NT 10.0; Win64; x64) AppleWebKit/537.36 (KHTML, like Gecko) Chrome/57.0.2987.110 Safari/537.36","Windows10.0","Chrome57.0.2987.110","zh-cn,zh","https://www.jollyhers.com/checkout/address"
"120","120","47.91.146.229","United States California San Mateo","Mozilla/5.0 (Windows NT 6.1; WOW64) AppleWebKit/537.36 (KHTML, like Gecko) Chrome/49.0.2623.110 Safari/537.36","Windows6.1","Chrome49.0.2623.110","zh-cn,zh,en,en-us","https://www.jollyhers.com/checkout/address"
"122","122","1.80.3.177","United States California San Mateo","Mozilla/5.0 (Windows NT 10.0; Win64; x64) AppleWebKit/537.36 (KHTML, like Gecko) Chrome/57.0.2987.110 Safari/537.36","Windows10.0","Chrome57.0.2987.110","zh-cn,zh","https://www.jollyhers.com/checkout/address"
"127","127","47.91.146.229","United States California San Mateo","Mozilla/5.0 (Windows NT 6.1; WOW64) AppleWebKit/537.36 (KHTML, like Gecko) Chrome/49.0.2623.110 Safari/537.36","Windows6.1","Chrome49.0.2623.110","zh-cn,zh,en,en-us","https://www.jollyhers.com/checkout/address"
"134","134","1.80.3.177","United Kingdom Wales Cardiff","Mozilla/5.0 (Windows NT 10.0; Win64; x64) AppleWebKit/537.36 (KHTML, like Gecko) Chrome/57.0.2987.110 Safari/537.36","Windows10.0","Chrome57.0.2987.110","zh-cn,zh","https://www.jollyhers.com/checkout/address"
"136","136","1.80.3.177","United Kingdom Wales Cardiff","Mozilla/5.0 (Windows NT 10.0; Win64; x64) AppleWebKit/537.36 (KHTML, like Gecko) Chrome/57.0.2987.110 Safari/537.36","Windows10.0","Chrome57.0.2987.110","zh-cn,zh","https://www.jollyhers.com/checkout/address"
"143","143","1.80.3.177","United Kingdom Wales Cardiff","Mozilla/5.0 (Windows NT 10.0; Win64; x64) AppleWebKit/537.36 (KHTML, like Gecko) Chrome/57.0.2987.110 Safari/537.36","Windows10.0","Chrome57.0.2987.110","zh-cn,zh","https://www.jollyhers.com/checkout/address"
"149","149","47.91.146.229","New Zealand Auckland Auckland","Mozilla/5.0 (Windows NT 10.0; Win64; x64) AppleWebKit/537.36 (KHTML, like Gecko) Chrome/57.0.2987.110 Safari/537.36","Windows10.0","Chrome57.0.2987.110","zh-cn,zh","https://www.jollyhers.com/checkout/address"
"150","150","1.80.3.177","New Zealand Auckland Auckland","Mozilla/5.0 (Linux; U; Android 6.0; zh-CN; MZ-M5s Build/MRA58K) AppleWebKit/537.36 (KHTML, like Gecko) Version/4.0 Chrome/40.0.2214.89 MZBrowser/6.5.506 UWS/2.10.1.22 Mobile Safari/537.36","AndroidOS6.0","Chrome40.0.2214.89","zh-cn,en-us","https://www.jollyhers.com/checkout/address"
"155","155","47.91.146.229","New Zealand Auckland Auckland","Mozilla/5.0 (Windows NT 10.0; Win64; x64) AppleWebKit/537.36 (KHTML, like Gecko) Chrome/57.0.2987.110 Safari/537.36","Windows10.0","Chrome57.0.2987.110","zh-cn,zh","https://www.jollyhers.com/checkout/address"
"162","162","1.80.3.177","New Zealand Auckland Auckland","Mozilla/5.0 (Linux; U; Android 6.0; zh-CN; MZ-M5s Build/MRA58K) AppleWebKit/537.36 (KHTML, like Gecko) Version/4.0 Chrome/40.0.2214.89 MZBrowser/6.5.506 UWS/2.10.1.22 Mobile Safari/537.36","AndroidOS6.0","Chrome40.0.2214.89","zh-cn,en-us","https://www.jollyhers.com/checkout/address"
"163","163","85.197.57.239","Germany North Rhine-Westphalia Lünen","Mozilla/5.0 (Linux; Android 6.0.1; SM-G532F Build/MMB29T; wv) AppleWebKit/537.36 (KHTML, like Gecko) Version/4.0 Chrome/56.0.2924.87 Mobile Safari/537.36 [FB_IAB/FB4A;FBAV/138.0.0.19.93;]","AndroidOS6.0.1","Chrome56.0.2924.87","de-de,en-us","https://www.paypal.com/webapps/hermes?flow=1-P&ulReturn=true&token=EC-4Y639298TS707244M&country.x=DE&locale.x=de_DE"
"164","171","72.134.129.116","United States California San Mateo","Mozilla/5.0 (Linux; Android 7.0; Moto G (5) Plus Build/NPNS25.137-33-5; wv) AppleWebKit/537.36 (KHTML, like Gecko) Version/4.0 Chrome/60.0.3112.116 Mobile Safari/537.36 [FB_IAB/FB4A;FBAV/139.0.0.26.93;]","AndroidOS7.0","Chrome60.0.3112.116","en-us","https://www.jollyhers.com/checkout/address"
"170","177","47.91.146.229","Germany North Rhine-Westphalia Luegde","Mozilla/5.0 (iPhone; CPU iPhone OS 9_1 like Mac OS X) AppleWebKit/601.1.46 (KHTML, like Gecko) Version/9.0 Mobile/13B143 Safari/601.1","iOS9_1","Safari9.0","zh-cn,zh","https://www.jollyhers.com/checkout/address"
"177","184","1.80.1.143","Australia New South Wales Morisset","Mozilla/5.0 (Windows NT 10.0; Win64; x64) AppleWebKit/537.36 (KHTML, like Gecko) Chrome/57.0.2987.110 Safari/537.36","Windows10.0","Chrome57.0.2987.110","zh-cn,zh","https://www.jollyhers.com/checkout/address"
"184","191","120.151.61.181","Australia New South Wales Morisset","Mozilla/5.0 (Windows NT 6.3; WOW64; Trident/7.0; rv:11.0) like Gecko","Windows6.3","IE11.0","en-au,en","https://www.jollyhers.com/checkout/address"
"190","197","49.178.24.74","Australia South Australia Adelaide","Mozilla/5.0 (Linux; Android 7.1.1; ONEPLUS A3000 Build/NMF26F; wv) AppleWebKit/537.36 (KHTML, like Gecko) Version/4.0 Chrome/60.0.3112.116 Mobile Safari/537.36 [FB_IAB/FB4A;FBAV/139.0.0.26.93;]","AndroidOS7.1.1","Chrome60.0.3112.116","en-au,en-us","https://www.paypal.com/webapps/hermes?flow=1-P&ulReturn=true&token=EC-55F823127C6475638&country.x=AU&locale.x=en_AU"
"192","199","116.240.230.168","Australia South Australia Adelaide","Mozilla/5.0 (iPad; CPU OS 10_3_3 like Mac OS X) AppleWebKit/603.3.8 (KHTML, like Gecko) Version/10.0 Mobile/14G60 Safari/602.1","iOS10_3_3","Safari10.0","en-gb","https://www.jollyhers.com/checkout/address"
"199","206","116.240.230.168","Australia South Australia Adelaide","Mozilla/5.0 (iPad; CPU OS 10_3_3 like Mac OS X) AppleWebKit/603.3.8 (KHTML, like Gecko) Version/10.0 Mobile/14G60 Safari/602.1","iOS10_3_3","Safari10.0","en-gb","https://www.jollyhers.com/checkout/address"
"205","212","92.41.15.78","United Kingdom England Maidenhead","Mozilla/5.0 (Linux; Android 7.0; SM-A310F Build/NRD90M; wv) AppleWebKit/537.36 (KHTML, like Gecko) Version/4.0 Chrome/60.0.3112.107 Mobile Safari/537.36 [FB_IAB/FB4A;FBAV/139.0.0.26.93;]","AndroidOS7.0","Chrome60.0.3112.107","en-gb,en-us","https://www.paypal.com/webscr?cmd=_express-checkout&token=EC-2W7486926N419923A"
"212","219","88.72.79.218","Germany Land Berlin Berlin","Mozilla/5.0 (iPad; CPU OS 10_3_3 like Mac OS X) AppleWebKit/603.3.8 (KHTML, like Gecko) Mobile/14G60 [FBAN/FBIOS;FBAV/63.0.0.37.140;FBBV/37606630;FBRV/0;FBDV/iPad4,1;FBMD/iPad;FBSN/iPhone OS;FBSV/10.3.3;FBSS/2;FBCR/;FBID/tablet;FBLC/de_DE;FBOP/5]","iOS10_3_3","Mozilla","de-de","https://www.jollyhers.com/checkout/address"
"218","225","47.91.146.229","United States California San Mateo","Mozilla/5.0 (Linux; Android 5.0; SM-G900P Build/LRX21T) AppleWebKit/537.36 (KHTML, like Gecko) Chrome/59.0.3071.109 Mobile Safari/537.36","AndroidOS5.0","Chrome59.0.3071.109","zh-cn,zh","https://www.jollyhers.com/checkout/address"
"219","226","47.91.146.229","United States California San Mateo","Mozilla/5.0 (Linux; Android 5.0; SM-G900P Build/LRX21T) AppleWebKit/537.36 (KHTML, like Gecko) Chrome/59.0.3071.109 Mobile Safari/537.36","AndroidOS5.0","Chrome59.0.3071.109","zh-cn,zh","https://www.jollyhers.com/checkout/address"
"226","233","31.52.159.150","United Kingdom Scotland Dundee","Mozilla/5.0 (Linux; Android 6.0.1; SM-A300FU Build/MMB29M; wv) AppleWebKit/537.36 (KHTML, like Gecko) Version/4.0 Chrome/60.0.3112.116 Mobile Safari/537.36 [FB_IAB/MESSENGER;FBAV/134.0.0.18.91;]","AndroidOS6.0.1","Chrome60.0.3112.116","en-gb,en-us","https://www.jollyhers.com/checkout/address"
"227","234","31.52.159.150","United Kingdom Scotland Dundee","Mozilla/5.0 (Linux; Android 6.0.1; SM-A300FU Build/MMB29M; wv) AppleWebKit/537.36 (KHTML, like Gecko) Version/4.0 Chrome/60.0.3112.116 Mobile Safari/537.36 [FB_IAB/MESSENGER;FBAV/134.0.0.18.91;]","AndroidOS6.0.1","Chrome60.0.3112.116","en-gb,en-us","https://www.jollyhers.com/checkout/address"
"233","240","31.52.159.150","United Kingdom Scotland Dundee","Mozilla/5.0 (Linux; Android 6.0.1; SM-A300FU Build/MMB29M; wv) AppleWebKit/537.36 (KHTML, like Gecko) Version/4.0 Chrome/60.0.3112.116 Mobile Safari/537.36 [FB_IAB/MESSENGER;FBAV/134.0.0.18.91;]","AndroidOS6.0.1","Chrome60.0.3112.116","en-gb,en-us","https://www.jollyhers.com/checkout/address"
"234","241","188.109.142.75","Germany North Rhine-Westphalia Duisburg","Mozilla/5.0 (Linux; Android 6.0.1; SM-G900F Build/MMB29M; wv) AppleWebKit/537.36 (KHTML, like Gecko) Version/4.0 Chrome/60.0.3112.107 Mobile Safari/537.36 [FB_IAB/FB4A;FBAV/139.0.0.26.93;]","AndroidOS6.0.1","Chrome60.0.3112.107","tr-de,en-us","https://www.paypal.com/webapps/hermes?flow=1-P&ulReturn=true&token=EC-0D111673YW7371123&country.x=DE&locale.x=de_DE"
"239","246","121.220.99.45","Australia Victoria Camberwell","Mozilla/5.0 (Windows NT 6.3; Win64; x64) AppleWebKit/537.36 (KHTML, like Gecko) Chrome/60.0.3112.113 Safari/537.36","Windows6.3","Chrome60.0.3112.113","en-us,en","https://www.jollyhers.com/checkout/address"
"241","248","121.220.99.45","Australia Victoria Camberwell","Mozilla/5.0 (Windows NT 6.3; Win64; x64) AppleWebKit/537.36 (KHTML, like Gecko) Chrome/60.0.3112.113 Safari/537.36","Windows6.3","Chrome60.0.3112.113","en-us,en","https://www.jollyhers.com/checkout/address"
"246","253","36.47.163.187","China Shaanxi Xi'an","Mozilla/5.0 (Windows NT 10.0; Win64; x64) AppleWebKit/537.36 (KHTML, like Gecko) Chrome/57.0.2987.110 Safari/537.36","Windows10.0","Chrome57.0.2987.110","zh-cn,zh","https://www.jollyhers.com/checkout/address"
"253","260","36.47.163.187","China Shaanxi Xi'an","Mozilla/5.0 (Windows NT 10.0; Win64; x64) AppleWebKit/537.36 (KHTML, like Gecko) Chrome/57.0.2987.110 Safari/537.36","Windows10.0","Chrome57.0.2987.110","zh-cn,zh","https://www.jollyhers.com/checkout/address"
"254","261","36.47.163.187","China Shaanxi Xi'an","Mozilla/5.0 (Windows NT 10.0; Win64; x64) AppleWebKit/537.36 (KHTML, like Gecko) Chrome/57.0.2987.110 Safari/537.36","Windows10.0","Chrome57.0.2987.110","zh-cn,zh","https://www.jollyhers.com/checkout/address"
"255","262","36.47.163.187","China Shaanxi Xi'an","Mozilla/5.0 (Windows NT 10.0; Win64; x64) AppleWebKit/537.36 (KHTML, like Gecko) Chrome/57.0.2987.110 Safari/537.36","Windows10.0","Chrome57.0.2987.110","zh-cn,zh","https://www.jollyhers.com/checkout/address"
"261","268","47.91.146.229","United States California San Mateo","Mozilla/5.0 (Windows NT 6.1; Win64; x64) AppleWebKit/537.36 (KHTML, like Gecko) Chrome/61.0.3163.79 Safari/537.36","Windows6.1","Chrome61.0.3163.79","zh-cn,zh","https://www.jollyhers.com/checkout/address"
"268","275","1.80.147.210","China Shaanxi Xi'an","Mozilla/5.0 (Windows NT 6.1; WOW64) AppleWebKit/537.36 (KHTML, like Gecko) Chrome/61.0.3159.5 Safari/537.36","Windows6.1","Chrome61.0.3159.5","zh-cn,zh","https://www.jollyhers.com/checkout/address"
"274","281","47.91.146.229","United States California San Mateo","Mozilla/5.0 (Windows NT 10.0; Win64; x64) AppleWebKit/537.36 (KHTML, like Gecko) Chrome/60.0.3112.113 Safari/537.36","Windows10.0","Chrome60.0.3112.113","zh-cn,zh","https://www.jollyhers.com/checkout/address"
"276","283","47.91.146.229","United States California San Mateo","Mozilla/5.0 (Windows NT 6.1; Win64; x64) AppleWebKit/537.36 (KHTML, like Gecko) Chrome/59.0.3071.109 Safari/537.36","Windows6.1","Chrome59.0.3071.109","zh-cn,zh","https://www.jollyhers.com/checkout/address"
"282","289","47.91.146.229","United States California San Mateo","Mozilla/5.0 (Windows NT 6.1; Win64; x64) AppleWebKit/537.36 (KHTML, like Gecko) Chrome/59.0.3071.109 Safari/537.36","Windows6.1","Chrome59.0.3071.109","zh-cn,zh","https://www.jollyhers.com/checkout/address"
"289","296","47.91.146.229","United States California San Mateo","Mozilla/5.0 (Linux; Android 5.0; SM-G900P Build/LRX21T) AppleWebKit/537.36 (KHTML, like Gecko) Chrome/60.0.3112.113 Mobile Safari/537.36","AndroidOS5.0","Chrome60.0.3112.113","zh-cn,zh","https://www.jollyhers.com/checkout/address"
"295","302","47.91.146.229","United States California San Mateo","Mozilla/5.0 (Windows NT 6.1; WOW64; rv:55.0) Gecko/20100101 Firefox/55.0","Windows6.1","Firefox55.0","zh-cn,zh,en-us,en","https://www.jollyhers.com/checkout/address"
"297","304","178.202.191.0","Germany North Rhine-Westphalia Wuppertal","Mozilla/5.0 (iPhone; CPU iPhone OS 10_3_3 like Mac OS X) AppleWebKit/603.3.8 (KHTML, like Gecko) Mobile/14G60 [FBAN/FBIOS;FBAV/140.0.0.63.89;FBBV/70896504;FBDV/iPhone7,2;FBMD/iPhone;FBSN/iOS;FBSV/10.3.3;FBSS/2;FBCR/Telekom.de;FBID/phone;FBLC/de_DE;FBOP/5;FBRV/0]","iOS10_3_3","Mozilla","de-de","https://www.paypal.com/webapps/hermes?flow=1-P&ulReturn=true&token=EC-54K22765L8589462D&country.x=DE&locale.x=de_DE"
"302","309","94.197.121.193","United Kingdom England Camberwell","Mozilla/5.0 (Linux; Android 5.1.1; SM-J320FN Build/LMY47V; wv) AppleWebKit/537.36 (KHTML, like Gecko) Version/4.0 Chrome/55.0.2883.91 Mobile Safari/537.36 [FB_IAB/FB4A;FBAV/136.0.0.22.91;]","AndroidOS5.1.1","Chrome55.0.2883.91","bg-bg,en-us","https://www.paypal.com/webapps/xoonboarding?token=EC-7EV64739RD9995729&country.x=GB&locale.x=en_GB&country.x=GB&locale.x=en_GB"
"303","310","88.71.129.8","Germany North Rhine-Westphalia Minden","Mozilla/5.0 (Linux; Android 7.0; SAMSUNG SM-G930F Build/NRD90M) AppleWebKit/537.36 (KHTML, like Gecko) SamsungBrowser/5.4 Chrome/51.0.2704.106 Mobile Safari/537.36","AndroidOS7.0","Chrome51.0.2704.106","de-de,de,en-us,en","https://www.jollyhers.com/checkout/address"
"309","316","120.16.147.87","Australia Western Australia Perth","Mozilla/5.0 (Linux; Android 7.0; SM-G930F Build/NRD90M; wv) AppleWebKit/537.36 (KHTML, like Gecko) Version/4.0 Chrome/56.0.2924.87 Mobile Safari/537.36 [FB_IAB/FB4A;FBAV/125.0.0.23.80;]","AndroidOS7.0","Chrome56.0.2924.87","en-au,en-us","https://www.paypal.com/webapps/hermes?flow=1-P&ulReturn=true&token=EC-9SJ49695P3243853J&country.x=AU&locale.x=en_AU"
"310","317","174.91.66.164","Canada Ontario Stoney Creek","Mozilla/5.0 (Linux; Android 5.0; SM-N9005 Build/LRX21V) AppleWebKit/537.36 (KHTML, like Gecko) Chrome/60.0.3112.116 Mobile Safari/537.36","AndroidOS5.0","Chrome60.0.3112.116","en-us,en","https://www.jollyhers.com/checkout/address"
"317","324","108.183.211.3","United States New York Brewerton","Mozilla/5.0 (iPhone; CPU iPhone OS 10_3_3 like Mac OS X) AppleWebKit/603.3.8 (KHTML, like Gecko) Mobile/14G60 [FBAN/FBIOS;FBAV/140.0.0.63.89;FBBV/70896504;FBDV/iPhone9,2;FBMD/iPhone;FBSN/iOS;FBSV/10.3.3;FBSS/3;FBCR/MetroPCS;FBID/phone;FBLC/en_US;FBOP/5;FBRV/0]","iOS10_3_3","Mozilla","en-us","https://www.jollyhers.com/checkout/address"
"323","330","92.208.62.254","Germany Saxony Leipzig","Mozilla/5.0 (Linux; Android 6.0.1; SM-J500FN Build/MMB29M; wv) AppleWebKit/537.36 (KHTML, like Gecko) Version/4.0 Chrome/60.0.3112.107 Mobile Safari/537.36 [FB_IAB/FB4A;FBAV/138.0.0.19.93;]","AndroidOS6.0.1","Chrome60.0.3112.107","tr-bg,en-us","https://www.jollyhers.com/checkout/address"
"324","331","92.208.62.254","Germany Saxony Leipzig","Mozilla/5.0 (Linux; Android 6.0.1; SM-J500FN Build/MMB29M; wv) AppleWebKit/537.36 (KHTML, like Gecko) Version/4.0 Chrome/60.0.3112.107 Mobile Safari/537.36 [FB_IAB/FB4A;FBAV/138.0.0.19.93;]","AndroidOS6.0.1","Chrome60.0.3112.107","tr-bg,en-us","https://www.jollyhers.com/checkout/address"
"330","337","116.240.230.168","Australia South Australia Adelaide","Mozilla/5.0 (iPad; CPU OS 10_3_3 like Mac OS X) AppleWebKit/603.3.8 (KHTML, like Gecko) Version/10.0 Mobile/14G60 Safari/602.1","iOS10_3_3","Safari10.0","en-gb","https://www.jollyhers.com/checkout/address"
"332","339","109.40.2.0","Germany North Rhine-Westphalia Iserlohn","Mozilla/5.0 (Linux; Android 7.0; SAMSUNG SM-G950F Build/NRD90M) AppleWebKit/537.36 (KHTML, like Gecko) SamsungBrowser/5.4 Chrome/51.0.2704.106 Mobile Safari/537.36","AndroidOS7.0","Chrome51.0.2704.106","de-de,de,en-us,en","https://www.jollyhers.com/checkout/address"
"339","346","49.196.148.113","Australia Western Australia Perth","Mozilla/5.0 (Linux; Android 7.0; SM-G935F Build/NRD90M; wv) AppleWebKit/537.36 (KHTML, like Gecko) Version/4.0 Chrome/60.0.3112.107 Mobile Safari/537.36 [FB_IAB/FB4A;FBAV/139.0.0.26.93;]","AndroidOS7.0","Chrome60.0.3112.107","en-au,en-us","https://www.paypal.com/webapps/hermes?flow=1-P&ulReturn=true&token=EC-51496254LT260930G&country.x=AU&locale.x=en_AU"
"344","351","47.91.146.229","United States California San Mateo","Mozilla/5.0 (Windows NT 6.1; WOW64) AppleWebKit/537.36 (KHTML, like Gecko) Chrome/60.0.3112.101 Safari/537.36","Windows6.1","Chrome60.0.3112.101","zh-cn,zh","https://www.jollyhers.com/checkout/address"
"351","358","47.91.146.229","United States California San Mateo","Mozilla/5.0 (Windows NT 6.1; WOW64) AppleWebKit/537.36 (KHTML, like Gecko) Chrome/60.0.3112.90 Safari/537.36","Windows6.1","Chrome60.0.3112.90","zh-cn,zh","https://www.jollyhers.com/checkout/address"
"353","360","47.91.146.229","United States California San Mateo","Mozilla/5.0 (Windows NT 6.1; WOW64) AppleWebKit/537.36 (KHTML, like Gecko) Chrome/60.0.3112.101 Safari/537.36","Windows6.1","Chrome60.0.3112.101","zh-cn,zh","https://www.jollyhers.com/checkout/address"
"359","366","47.91.146.229","United States California San Mateo","Mozilla/5.0 (Windows NT 6.1; WOW64) AppleWebKit/537.36 (KHTML, like Gecko) Chrome/60.0.3112.101 Safari/537.36","Windows6.1","Chrome60.0.3112.101","zh-cn,zh","https://www.jollyhers.com/checkout/address"
"365","372","47.91.146.229","United States California San Mateo","Mozilla/5.0 (Windows NT 6.1; WOW64) AppleWebKit/537.36 (KHTML, like Gecko) Chrome/60.0.3112.90 Safari/537.36","Windows6.1","Chrome60.0.3112.90","zh-cn,zh","https://www.jollyhers.com/checkout/address"
"367","374","47.91.146.229","United States California San Mateo","Mozilla/5.0 (Windows NT 6.1; WOW64) AppleWebKit/537.36 (KHTML, like Gecko) Chrome/60.0.3112.101 Safari/537.36","Windows6.1","Chrome60.0.3112.101","zh-cn,zh","https://www.jollyhers.com/checkout/address"
"372","379","47.91.146.229","United States California San Mateo","Mozilla/5.0 (Windows NT 6.1; WOW64) AppleWebKit/537.36 (KHTML, like Gecko) Chrome/60.0.3112.90 Safari/537.36","Windows6.1","Chrome60.0.3112.90","zh-cn,zh","https://www.jollyhers.com/checkout/address"
"379","386","47.91.146.229","United States California San Mateo","Mozilla/5.0 (Windows NT 6.1; WOW64) AppleWebKit/537.36 (KHTML, like Gecko) Chrome/49.0.2623.110 Safari/537.36","Windows6.1","Chrome49.0.2623.110","zh-cn,zh,en,en-us","https://www.jollyhers.com/checkout/address"
"381","388","47.91.146.229","United States California San Mateo","Mozilla/5.0 (Windows NT 6.1; Win64; x64) AppleWebKit/537.36 (KHTML, like Gecko) Chrome/59.0.3071.109 Safari/537.36","Windows6.1","Chrome59.0.3071.109","zh-cn,zh","https://www.jollyhers.com/checkout/address"
"388","395","37.10.71.119","United Kingdom England Manchester","Mozilla/5.0 (Macintosh; Intel Mac OS X 10_12_3) AppleWebKit/602.4.8 (KHTML, like Gecko) Version/10.0.3 Safari/602.4.8","OS X10_12_3","Safari10.0.3","zh-cn","https://www.jollyhers.com/checkout/address"
"393","400","113.140.249.218","China Shaanxi Xi'an","Mozilla/5.0 (Linux; U; Android 6.0; zh-CN; MZ-m3 note Build/MRA58K) AppleWebKit/537.36 (KHTML, like Gecko) Version/4.0 Chrome/40.0.2214.89 MZBrowser/6.5.506 UWS/2.10.1.22 Mobile Safari/537.36","AndroidOS6.0","Chrome40.0.2214.89","zh-cn,en-us","https://www.jollyhers.com/checkout/address"
"395","402","47.91.146.229","United States California San Mateo","Mozilla/5.0 (Linux; Android 5.0; SM-G900P Build/LRX21T) AppleWebKit/537.36 (KHTML, like Gecko) Chrome/59.0.3071.109 Mobile Safari/537.36","AndroidOS5.0","Chrome59.0.3071.109","zh-cn,zh","https://www.jollyhers.com/checkout/address"
"401","408","47.91.146.229","United States California San Mateo","Mozilla/5.0 (Linux; Android 6.0; vivo Y67A Build/MRA58K) AppleWebKit/537.36 (KHTML, like Gecko) Version/4.0 Chrome/38.0.2125.102 Mobile Safari/537.36 VivoBrowser/5.2.3","AndroidOS6.0","Chrome38.0.2125.102","zh-cn,en-us","https://www.jollyhers.com/checkout/address"
"408","415","86.158.59.181","United Kingdom England Great Malvern","Mozilla/5.0 (Macintosh; Intel Mac OS X 10_11_6) AppleWebKit/603.3.8 (KHTML, like Gecko) Version/10.1.2 Safari/603.3.8","OS X10_11_6","Safari10.1.2","en-us","https://www.paypal.com/webapps/hermes?flow=1-P&ulReturn=true&token=EC-3SL199780T217250C&country.x=GB&locale.x=en_GB"
"409","416","92.208.164.26","Germany Saxony Leipzig","Mozilla/5.0 (Linux; Android 6.0.1; SM-J500FN Build/MMB29M; wv) AppleWebKit/537.36 (KHTML, like Gecko) Version/4.0 Chrome/60.0.3112.116 Mobile Safari/537.36 [FB_IAB/FB4A;FBAV/140.0.0.24.91;]","AndroidOS6.0.1","Chrome60.0.3112.116","tr-bg,en-us","https://www.jollyhers.com/checkout/address"
"416","423","50.199.229.75","United States Massachusetts Woburn","Mozilla/5.0 (iPhone; CPU iPhone OS 10_3_3 like Mac OS X) AppleWebKit/603.3.8 (KHTML, like Gecko) Mobile/14G60 [FBAN/FBIOS;FBAV/140.0.0.63.89;FBBV/70896504;FBDV/iPhone8,1;FBMD/iPhone;FBSN/iOS;FBSV/10.3.3;FBSS/2;FBCR/Sprint;FBID/phone;FBLC/en_US;FBOP/5;FBRV/0]","iOS10_3_3","Mozilla","en-us","https://www.jollyhers.com/checkout/address"
"423","430","206.201.224.118","United States New Jersey Paramus","Mozilla/5.0 (Windows NT 6.1; WOW64) AppleWebKit/537.36 (KHTML, like Gecko) Chrome/60.0.3112.113 Safari/537.36","Windows6.1","Chrome60.0.3112.113","en-us,en","https://www.jollyhers.com/checkout/address"
"430","437","92.208.164.26","Germany Saxony Leipzig","Mozilla/5.0 (Linux; Android 6.0.1; SM-J500FN Build/MMB29M) AppleWebKit/537.36 (KHTML, like Gecko) Chrome/60.0.3112.116 Mobile Safari/537.36","AndroidOS6.0.1","Chrome60.0.3112.116","bg-bg,bg","https://www.jollyhers.com/checkout/address"
"437","444","86.4.254.208","United Kingdom England Romford","Mozilla/5.0 (iPhone; CPU iPhone OS 10_3_3 like Mac OS X) AppleWebKit/603.3.8 (KHTML, like Gecko) Mobile/14G60 [FBAN/FBIOS;FBAV/140.0.0.63.89;FBBV/70896504;FBDV/iPhone8,1;FBMD/iPhone;FBSN/iOS;FBSV/10.3.3;FBSS/2;FBCR/EE;FBID/phone;FBLC/en_GB;FBOP/5;FBRV/0]","iOS10_3_3","Mozilla","en-gb","https://www.paypal.com/webapps/hermes?flow=1-P&ulReturn=true&token=EC-2NB545319F7689738&country.x=GB&locale.x=en_GB"
"443","450","92.208.164.26","Germany Saxony Leipzig","Mozilla/5.0 (Linux; Android 6.0.1; SM-J500FN Build/MMB29M) AppleWebKit/537.36 (KHTML, like Gecko) Chrome/60.0.3112.116 Mobile Safari/537.36","AndroidOS6.0.1","Chrome60.0.3112.116","bg-bg,bg","https://www.jollyhers.com/checkout/address"
"444","451","113.140.248.55","China Shaanxi Xi'an","Mozilla/5.0 (Windows NT 10.0; Win64; x64) AppleWebKit/537.36 (KHTML, like Gecko) Chrome/57.0.2987.110 Safari/537.36","Windows10.0","Chrome57.0.2987.110","zh-cn,zh","https://www.jollyhers.com/checkout/address"
"450","457","47.91.146.229","United States California San Mateo","Mozilla/5.0 (Linux; U; Android 6.0.1; zh-cn; OPPO A57t Build/MMB29M) AppleWebKit/537.36 (KHTML, like Gecko) Version/4.0 Chrome/53.0.2785.134 Mobile Safari/537.36 OppoBrowser/4.3.9","AndroidOS6.0.1","Chrome53.0.2785.134","zh-cn,zh","https://www.jollyhers.com/checkout/address"
"457","464","47.91.146.229","United States California San Mateo","Mozilla/5.0 (Linux; U; Android 6.0.1; zh-cn; OPPO A57t Build/MMB29M) AppleWebKit/537.36 (KHTML, like Gecko) Version/4.0 Chrome/53.0.2785.134 Mobile Safari/537.36 OppoBrowser/4.3.9","AndroidOS6.0.1","Chrome53.0.2785.134","zh-cn,zh","https://www.jollyhers.com/checkout/address"
"458","465","94.222.201.77","Germany North Rhine-Westphalia Dortmund","Mozilla/5.0 (Linux; Android 7.0; SM-G928F Build/NRD90M; wv) AppleWebKit/537.36 (KHTML, like Gecko) Version/4.0 Chrome/60.0.3112.116 Mobile Safari/537.36 [FB_IAB/FB4A;FBAV/140.0.0.24.91;]","AndroidOS7.0","Chrome60.0.3112.116","ro-ro,en-us","https://www.jollyhers.com/checkout/address"
"465","472","5.51.162.78","France Auvergne-Rhone-Alpes Lyon","Mozilla/5.0 (Windows NT 10.0; Win64; x64) AppleWebKit/537.36 (KHTML, like Gecko) Chrome/60.0.3112.113 Safari/537.36","Windows10.0","Chrome60.0.3112.113","es-419,es","https://www.jollyhers.com/checkout/address"
"470","477","213.205.194.227","United Kingdom England Croydon","Mozilla/5.0 (Linux; Android 7.0; SM-G935F Build/NRD90M; wv) AppleWebKit/537.36 (KHTML, like Gecko) Version/4.0 Chrome/60.0.3112.116 Mobile Safari/537.36 [FB_IAB/FB4A;FBAV/140.0.0.24.91;]","AndroidOS7.0","Chrome60.0.3112.116","en-gb,en-us","https://www.paypal.com/webapps/hermes?flow=1-P&ulReturn=true&token=EC-3HH970227U861331T&country.x=GB&locale.x=en_GB"
"477","484","88.74.161.183","Germany Saxony Leipzig","Mozilla/5.0 (Linux; Android 6.0.1; SM-J500FN Build/MMB29M) AppleWebKit/537.36 (KHTML, like Gecko) Chrome/60.0.3112.116 Mobile Safari/537.36","AndroidOS6.0.1","Chrome60.0.3112.116","bg-bg,bg","https://www.jollyhers.com/checkout/address"
"478","485","88.74.161.183","Germany Saxony Leipzig","Mozilla/5.0 (Linux; Android 6.0.1; SM-J500FN Build/MMB29M) AppleWebKit/537.36 (KHTML, like Gecko) Chrome/60.0.3112.116 Mobile Safari/537.36","AndroidOS6.0.1","Chrome60.0.3112.116","bg-bg,bg","https://www.jollyhers.com/checkout/address"
"479","486","47.91.146.229","United States California San Mateo","Mozilla/5.0 (Windows NT 6.1; WOW64) AppleWebKit/537.36 (KHTML, like Gecko) Chrome/60.0.3112.101 Safari/537.36","Windows6.1","Chrome60.0.3112.101","zh-cn,zh","https://www.jollyhers.com/checkout/address"
"484","491","120.18.220.90","Australia New South Wales Sydney","Mozilla/5.0 (iPhone; CPU iPhone OS 10_3_2 like Mac OS X) AppleWebKit/603.2.4 (KHTML, like Gecko) Mobile/14F89 [FBAN/FBIOS;FBAV/139.0.0.46.90;FBBV/70207865;FBDV/iPhone6,2;FBMD/iPhone;FBSN/iOS;FBSV/10.3.2;FBSS/2;FBCR/vodaAU;FBID/phone;FBLC/en_GB;FBOP/5;FBRV/0]","iOS10_3_2","Mozilla","en-au","https://www.paypal.com/webapps/hermes?flow=1-P&ulReturn=true&token=EC-7NM43562N22362943&country.x=AU&locale.x=en_AU"
"486","493","110.32.99.250","Australia Victoria Nunawading","Mozilla/5.0 (iPhone; CPU iPhone OS 10_3_3 like Mac OS X) AppleWebKit/603.3.8 (KHTML, like Gecko) Mobile/14G60 [FBAN/FBIOS;FBAV/83.0.0.38.70;FBBV/51754296;FBDV/iPhone6,2;FBMD/iPhone;FBSN/iOS;FBSV/10.3.3;FBSS/2;FBCR/OPTUS;FBID/phone;FBLC/en_GB;FBOP/5;FBRV/0]","iOS10_3_3","Mozilla","en-au","https://www.jollyhers.com/checkout/address"
"493","500","110.32.99.250","Australia Victoria Nunawading","Mozilla/5.0 (iPhone; CPU iPhone OS 10_3_3 like Mac OS X) AppleWebKit/603.3.8 (KHTML, like Gecko) Mobile/14G60 [FBAN/FBIOS;FBAV/83.0.0.38.70;FBBV/51754296;FBDV/iPhone6,2;FBMD/iPhone;FBSN/iOS;FBSV/10.3.3;FBSS/2;FBCR/OPTUS;FBID/phone;FBLC/en_GB;FBOP/5;FBRV/0]","iOS10_3_3","Mozilla","en-au","https://www.jollyhers.com/checkout/address"
"498","505","110.32.99.250","Australia Victoria Nunawading","Mozilla/5.0 (iPhone; CPU iPhone OS 10_3_3 like Mac OS X) AppleWebKit/603.3.8 (KHTML, like Gecko) Mobile/14G60 [FBAN/FBIOS;FBAV/83.0.0.38.70;FBBV/51754296;FBDV/iPhone6,2;FBMD/iPhone;FBSN/iOS;FBSV/10.3.3;FBSS/2;FBCR/OPTUS;FBID/phone;FBLC/en_GB;FBOP/5;FBRV/0]","iOS10_3_3","Mozilla","en-au","https://www.jollyhers.com/checkout/address"
"505","512","110.32.99.250","Australia Victoria Nunawading","Mozilla/5.0 (iPhone; CPU iPhone OS 10_3_3 like Mac OS X) AppleWebKit/603.3.8 (KHTML, like Gecko) Mobile/14G60 [FBAN/FBIOS;FBAV/83.0.0.38.70;FBBV/51754296;FBDV/iPhone6,2;FBMD/iPhone;FBSN/iOS;FBSV/10.3.3;FBSS/2;FBCR/OPTUS;FBID/phone;FBLC/en_GB;FBOP/5;FBRV/0]","iOS10_3_3","Mozilla","en-au","https://www.jollyhers.com/checkout/address"
"512","519","218.215.36.231","Australia South Australia Adelaide","Mozilla/5.0 (Linux; Android 6.0.1; SM-G900I Build/MMB29M) AppleWebKit/537.36 (KHTML, like Gecko) Chrome/60.0.3112.116 Mobile Safari/537.36","AndroidOS6.0.1","Chrome60.0.3112.116","en-au,en-gb,en-us,en","https://www.jollyhers.com/checkout/address"
"513","520","110.22.240.147","Australia Victoria Altona","Mozilla/5.0 (Linux; Android 5.0.1; GT-I9506 Build/LRX22C; wv) AppleWebKit/537.36 (KHTML, like Gecko) Version/4.0 Chrome/60.0.3112.116 Mobile Safari/537.36 [FB_IAB/FB4A;FBAV/141.0.0.31.91;]","AndroidOS5.0.1","Chrome60.0.3112.116","en-us","https://www.paypal.com/webapps/xoonboarding?country.x=AU&exp=guest&locale.x=en_AU&token=EC-7P792947F4049772C"
"519","526","180.216.171.37","Australia Western Australia Perth","Mozilla/5.0 (iPhone; CPU iPhone OS 10_3_3 like Mac OS X) AppleWebKit/603.3.8 (KHTML, like Gecko) Version/10.0 Mobile/14G60 Safari/602.1","iOS10_3_3","Safari10.0","en-au","https://www.jollyhers.com/checkout/address"
"526","533","180.216.171.37","Australia Western Australia Perth","Mozilla/5.0 (iPhone; CPU iPhone OS 10_3_3 like Mac OS X) AppleWebKit/603.3.8 (KHTML, like Gecko) Version/10.0 Mobile/14G60 Safari/602.1","iOS10_3_3","Safari10.0","en-au","https://www.jollyhers.com/checkout/address"
"528","535","92.217.229.122","Germany Saxony Leipzig","Mozilla/5.0 (Linux; Android 6.0.1; SM-J500FN Build/MMB29M) AppleWebKit/537.36 (KHTML, like Gecko) Chrome/60.0.3112.116 Mobile Safari/537.36","AndroidOS6.0.1","Chrome60.0.3112.116","bg-bg,bg","https://www.jollyhers.com/checkout/address"
"535","542","92.217.229.122","Germany Saxony Leipzig","Mozilla/5.0 (Linux; Android 6.0.1; SM-J500FN Build/MMB29M) AppleWebKit/537.36 (KHTML, like Gecko) Chrome/60.0.3112.116 Mobile Safari/537.36","AndroidOS6.0.1","Chrome60.0.3112.116","bg-bg,bg","https://www.jollyhers.com/checkout/address"
"540","547","202.52.36.52","Australia New South Wales North Sydney","Mozilla/5.0 (Linux; Android 7.0; SM-G950F Build/NRD90M; wv) AppleWebKit/537.36 (KHTML, like Gecko) Version/4.0 Chrome/60.0.3112.116 Mobile Safari/537.36 [FB_IAB/FB4A;FBAV/141.0.0.31.91;]","AndroidOS7.0","Chrome60.0.3112.116","en-au,en-us","https://www.paypal.com/webapps/hermes?flow=1-P&ulReturn=true&token=EC-6Y744773VN491011A&country.x=AU&locale.x=en_AU"
"541","548","2.27.126.201","United Kingdom England Purley","Mozilla/5.0 (Windows NT 10.0; Win64; x64) AppleWebKit/537.36 (KHTML, like Gecko) Chrome/60.0.3112.113 Safari/537.36","Windows10.0","Chrome60.0.3112.113","en-gb,en,en-us,mr","https://www.jollyhers.com/checkout/address"
"548","555","94.217.29.9","Germany Bavaria Nuremberg","Mozilla/5.0 (iPhone; CPU iPhone OS 10_3_2 like Mac OS X) AppleWebKit/603.2.4 (KHTML, like Gecko) Version/10.0 Mobile/14F89 Safari/602.1","iOS10_3_2","Safari10.0","uk-ua","https://www.jollyhers.com/checkout/address"
"549","556","120.18.11.107","Australia New South Wales Sydney","Mozilla/5.0 (iPhone; CPU iPhone OS 10_3_3 like Mac OS X) AppleWebKit/603.3.8 (KHTML, like Gecko) Mobile/14G60 [FBAN/FBIOS;FBAV/140.0.0.63.89;FBBV/70896504;FBDV/iPhone9,4;FBMD/iPhone;FBSN/iOS;FBSV/10.3.3;FBSS/3;FBCR/vodaAU;FBID/phone;FBLC/en_GB;FBOP/5;FBRV/0]","iOS10_3_3","Mozilla","en-au","https://www.paypal.com/webapps/xoonboarding?country.x=AU&exp=guest&locale.x=en_AU&token=EC-3AL995027W673290J"
"555","562","47.91.146.229","United States California San Mateo","Mozilla/5.0 (Windows NT 10.0; Win64; x64) AppleWebKit/537.36 (KHTML, like Gecko) Chrome/60.0.3112.113 Safari/537.36","Windows10.0","Chrome60.0.3112.113","zh-cn,zh","https://www.jollyhers.com/checkout/address"
"556","563","1.80.3.120","China Shaanxi Xi'an","Mozilla/5.0 (Windows NT 6.1; WOW64) AppleWebKit/537.36 (KHTML, like Gecko) Chrome/61.0.3159.5 Safari/537.36","Windows6.1","Chrome61.0.3159.5","zh-cn,zh","https://www.jollyhers.com/checkout/address"
"561","568","1.80.3.120","China Shaanxi Xi'an","Mozilla/5.0 (Windows NT 6.1; WOW64) AppleWebKit/537.36 (KHTML, like Gecko) Chrome/61.0.3159.5 Safari/537.36","Windows6.1","Chrome61.0.3159.5","zh-cn,zh","https://www.jollyhers.com/checkout/address"
"568","575","1.80.145.91","China Shaanxi Xi'an","Mozilla/5.0 (Windows NT 10.0; Win64; x64) AppleWebKit/537.36 (KHTML, like Gecko) Chrome/57.0.2987.110 Safari/537.36","Windows10.0","Chrome57.0.2987.110","zh-cn,zh","https://www.jollyhers.com/checkout/address"
"575","582","47.91.146.229","United States California San Mateo","Mozilla/5.0 (Linux; Android 5.0; SM-G900P Build/LRX21T) AppleWebKit/537.36 (KHTML, like Gecko) Chrome/59.0.3071.109 Mobile Safari/537.36","AndroidOS5.0","Chrome59.0.3071.109","zh-cn,zh","https://www.jollyhers.com/checkout/address"
"582","589","220.239.51.230","Australia Victoria Mount Waverley","Mozilla/5.0 (iPhone; CPU iPhone OS 10_3_3 like Mac OS X) AppleWebKit/603.3.8 (KHTML, like Gecko) Mobile/14G60 [FBAN/FBIOS;FBAV/140.0.0.63.89;FBBV/70896504;FBDV/iPhone9,4;FBMD/iPhone;FBSN/iOS;FBSV/10.3.3;FBSS/3;FBCR/OPTUS;FBID/phone;FBLC/en_GB;FBOP/5;FBRV/0]","iOS10_3_3","Mozilla","en-au","https://www.paypal.com/webapps/hermes?flow=1-P&ulReturn=true&token=EC-1VB66673MV0574723&country.x=AU&locale.x=en_AU"
"589","596","47.91.146.229","United States California San Mateo","Mozilla/5.0 (Windows NT 6.1; WOW64) AppleWebKit/537.36 (KHTML, like Gecko) Chrome/49.0.2623.110 Safari/537.36","Windows6.1","Chrome49.0.2623.110","zh-cn,zh,en,en-us","https://www.jollyhers.com/checkout/address"
"596","603","1.80.3.120","China Shaanxi Xi'an","Mozilla/5.0 (Linux; U; Android 6.0; zh-CN; MZ-m3 note Build/MRA58K) AppleWebKit/537.36 (KHTML, like Gecko) Version/4.0 Chrome/40.0.2214.89 MZBrowser/6.5.506 UWS/2.10.1.22 Mobile Safari/537.36","AndroidOS6.0","Chrome40.0.2214.89","zh-cn,en-us","https://www.jollyhers.com/checkout/address"
"597","604","47.91.146.229","United States California San Mateo","Mozilla/5.0 (Linux; Android 6.0.1; SM-G5520 Build/MMB29M) AppleWebKit/537.36 (KHTML, like Gecko) Chrome/58.0.3029.83 Mobile Safari/537.36","AndroidOS6.0.1","Chrome58.0.3029.83","zh-cn,zh,en","https://www.jollyhers.com/checkout/address"
"603","610","45.77.51.53","United States New Jersey Matawan","Mozilla/5.0 (Windows NT 6.1; WOW64) AppleWebKit/537.36 (KHTML, like Gecko) Chrome/49.0.2623.110 Safari/537.36","Windows6.1","Chrome49.0.2623.110","zh-cn,zh,en,en-us","https://www.jollyhers.com/checkout/address"
"610","617","120.154.171.63","Australia Queensland Brisbane","Mozilla/5.0 (iPhone; CPU iPhone OS 10_3_3 like Mac OS X) AppleWebKit/603.3.8 (KHTML, like Gecko) Mobile/14G60 [FBAN/FBIOS;FBAV/95.0.0.54.70;FBBV/59901094;FBDV/iPhone9,3;FBMD/iPhone;FBSN/iOS;FBSV/10.3.3;FBSS/2;FBCR/Telstra;FBID/phone;FBLC/en_GB;FBOP/5;FBRV/0]","iOS10_3_3","Mozilla","en-au","https://www.paypal.com/webapps/hermes?flow=1-P&ulReturn=true&token=EC-4G460910W1200672S&country.x=AU&locale.x=en_AU"
"617","624","216.165.193.134","Canada Ontario Toronto","Mozilla/5.0 (iPhone; CPU iPhone OS 10_3_2 like Mac OS X) AppleWebKit/603.2.4 (KHTML, like Gecko) Mobile/14F89 [FBAN/FBIOS;FBAV/140.0.0.63.89;FBBV/70896504;FBDV/iPhone8,2;FBMD/iPhone;FBSN/iOS;FBSV/10.3.2;FBSS/3;FBCR/;FBID/phone;FBLC/vi_VN;FBOP/5;FBRV/0]","iOS10_3_2","Mozilla","vi-vn","https://www.jollyhers.com/checkout/address"
"619","626","2.31.126.205","United Kingdom England Slough","Mozilla/5.0 (Linux; Android 7.0; SM-G935F Build/NRD90M; wv) AppleWebKit/537.36 (KHTML, like Gecko) Version/4.0 Chrome/60.0.3112.116 Mobile Safari/537.36 [FB_IAB/FB4A;FBAV/141.0.0.31.91;]","AndroidOS7.0","Chrome60.0.3112.116","en-gb,en-us","https://www.paypal.com/webapps/hermes?flow=1-P&ulReturn=true&token=EC-71S20530H4716533J&country.x=GB&locale.x=en_GB"
"626","633","174.91.62.69","Canada Ontario Stoney Creek","Mozilla/5.0 (Linux; Android 5.0; SM-N9005 Build/LRX21V) AppleWebKit/537.36 (KHTML, like Gecko) Chrome/60.0.3112.116 Mobile Safari/537.36","AndroidOS5.0","Chrome60.0.3112.116","en-us,en","https://www.jollyhers.com/checkout/address"
"632","639","47.91.146.229","United States California San Mateo","Mozilla/5.0 (iPhone; CPU iPhone OS 9_1 like Mac OS X) AppleWebKit/601.1.46 (KHTML, like Gecko) Version/9.0 Mobile/13B143 Safari/601.1","iOS9_1","Safari9.0","zh-cn,zh","https://www.jollyhers.com/checkout/address"
"639","646","69.140.13.245","United States Maryland Baltimore","Mozilla/5.0 (Linux; Android 7.0; SM-G935U Build/NRD90M) AppleWebKit/537.36 (KHTML, like Gecko) Chrome/60.0.3112.116 Mobile Safari/537.36","AndroidOS7.0","Chrome60.0.3112.116","en-us,en","https://www.paypal.com/webscr?cmd=_express-checkout&token=EC-19M90266NG1648308"
"640","647","88.75.215.254","Germany Saxony Leipzig","Mozilla/5.0 (Linux; Android 6.0.1; SM-J500FN Build/MMB29M; wv) AppleWebKit/537.36 (KHTML, like Gecko) Version/4.0 Chrome/60.0.3112.116 Mobile Safari/537.36 [FB_IAB/FB4A;FBAV/141.0.0.31.91;]","AndroidOS6.0.1","Chrome60.0.3112.116","tr-bg,en-us","https://www.paypal.com/webscr?cmd=_express-checkout&token=EC-04X96056YP3803123"
"646","653","1.80.147.185","China Shaanxi Xi'an","Mozilla/5.0 (Linux; Android 6.0; M5s Build/MRA58K) AppleWebKit/537.36 (KHTML, like Gecko) Chrome/60.0.3112.116 Mobile Safari/537.36","AndroidOS6.0","Chrome60.0.3112.116","zh-cn,zh,en","https://www.jollyhers.com/checkout/address"
"652","659","47.91.146.229","United States California San Mateo","Mozilla/5.0 (Windows NT 6.1; Win64; x64) AppleWebKit/537.36 (KHTML, like Gecko) Chrome/59.0.3071.109 Safari/537.36","Windows6.1","Chrome59.0.3071.109","zh-cn,zh","https://www.jollyhers.com/checkout/address"
"653","660","47.91.146.229","United States California San Mateo","Mozilla/5.0 (Windows NT 10.0; WOW64; rv:55.0) Gecko/20100101 Firefox/55.0","Windows10.0","Firefox55.0","zh-cn,zh,en-us,en","https://www.jollyhers.com/checkout/address"
"660","667","47.91.146.229","United States California San Mateo","Mozilla/5.0 (Windows NT 10.0; WOW64; rv:55.0) Gecko/20100101 Firefox/55.0","Windows10.0","Firefox55.0","zh-cn,zh,en-us,en","https://www.jollyhers.com/checkout/address"
"667","674","47.91.146.229","United States California San Mateo","Mozilla/5.0 (Windows NT 10.0; WOW64; rv:55.0) Gecko/20100101 Firefox/55.0","Windows10.0","Firefox55.0","zh-cn,zh,en-us,en","https://www.jollyhers.com/checkout/address"
"668","675","47.91.146.229","United States California San Mateo","Mozilla/5.0 (Windows NT 10.0; WOW64; rv:55.0) Gecko/20100101 Firefox/55.0","Windows10.0","Firefox55.0","zh-cn,zh,en-us,en","https://www.jollyhers.com/checkout/address"
"674","681","47.91.146.229","United States California San Mateo","Mozilla/5.0 (Android 6.0; Mobile; rv:54.0) Gecko/54.0 Firefox/54.0","AndroidOS6.0","Firefox54.0","zh-cn,zh,en-us,en","https://www.jollyhers.com/checkout/address"
"675","682","47.91.146.229","United States California San Mateo","Mozilla/5.0 (Windows NT 10.0; WOW64; rv:55.0) Gecko/20100101 Firefox/55.0","Windows10.0","Firefox55.0","zh-cn,zh,en-us,en","https://www.jollyhers.com/checkout/address"
"682","689","47.91.146.229","United States California San Mateo","Mozilla/5.0 (Windows NT 10.0; Win64; x64) AppleWebKit/537.36 (KHTML, like Gecko) Chrome/60.0.3112.113 Safari/537.36","Windows10.0","Chrome60.0.3112.113","zh-cn,zh","https://www.jollyhers.com/checkout/address"
"687","694","47.91.146.229","United States California San Mateo","Mozilla/5.0 (Windows NT 10.0; Win64; x64) AppleWebKit/537.36 (KHTML, like Gecko) Chrome/60.0.3112.113 Safari/537.36","Windows10.0","Chrome60.0.3112.113","zh-cn,zh","https://www.jollyhers.com/checkout/address"
"688","695","58.178.22.97","Australia New South Wales Barrack Heights","Mozilla/5.0 (iPhone; CPU iPhone OS 10_3_3 like Mac OS X) AppleWebKit/603.3.8 (KHTML, like Gecko) Version/10.0 Mobile/14G60 Safari/602.1","iOS10_3_3","Safari10.0","en-au","https://www.jollyhers.com/checkout/address"
"694","701","47.91.146.229","United States California San Mateo","Mozilla/5.0 (Windows NT 6.1; Win64; x64) AppleWebKit/537.36 (KHTML, like Gecko) Chrome/59.0.3071.109 Safari/537.36","Windows6.1","Chrome59.0.3071.109","zh-cn,zh","https://www.jollyhers.com/checkout/address"
"696","703","47.91.146.229","United States California San Mateo","Mozilla/5.0 (Windows NT 6.1; WOW64; rv:55.0) Gecko/20100101 Firefox/55.0","Windows6.1","Firefox55.0","zh-cn,zh,en-us,en","https://www.jollyhers.com/checkout/address"
"702","709","47.91.146.229","United States California San Mateo","Mozilla/5.0 (Windows NT 10.0; WOW64; rv:55.0) Gecko/20100101 Firefox/55.0","Windows10.0","Firefox55.0","zh-cn,zh,en-us,en","https://www.jollyhers.com/checkout/address"
"703","710","49.178.8.146","Australia South Australia Adelaide","Mozilla/5.0 (Linux; Android 7.1.1; ONEPLUS A3000 Build/NMF26F; wv) AppleWebKit/537.36 (KHTML, like Gecko) Version/4.0 Chrome/60.0.3112.116 Mobile Safari/537.36 [FB_IAB/MESSENGER;FBAV/135.0.0.21.91;]","AndroidOS7.1.1","Chrome60.0.3112.116","en-au,en-us","https://www.paypal.com/webapps/hermes?flow=1-P&ulReturn=true&token=EC-5LP00021D62780946&country.x=AU&locale.x=en_AU"
"708","715","86.130.175.152","United Kingdom England Solihull","Mozilla/5.0 (Linux; Android 6.0.1; SM-G935F Build/MMB29K; wv) AppleWebKit/537.36 (KHTML, like Gecko) Version/4.0 Chrome/60.0.3112.116 Mobile Safari/537.36 [FB_IAB/FB4A;FBAV/140.0.0.24.91;]","AndroidOS6.0.1","Chrome60.0.3112.116","en-gb,en-us","https://www.paypal.com/webapps/hermes?flow=1-P&ulReturn=true&token=EC-1F3753724C6294621&country.x=GB&locale.x=en_GB"
"715","722","2.27.126.201","United Kingdom England Purley","Mozilla/5.0 (Windows NT 10.0; Win64; x64) AppleWebKit/537.36 (KHTML, like Gecko) Chrome/60.0.3112.113 Safari/537.36","Windows10.0","Chrome60.0.3112.113","en-gb,en,en-us,mr","https://www.jollyhers.com/checkout/address"
"722","729","49.194.15.168","Australia Victoria Kew","Mozilla/5.0 (Linux; Android 7.0; Moto G (4) Build/NPJS25.93-14-8; wv) AppleWebKit/537.36 (KHTML, like Gecko) Version/4.0 Chrome/60.0.3112.116 Mobile Safari/537.36 [FB_IAB/FB4A;FBAV/141.0.0.31.91;]","AndroidOS7.0","Chrome60.0.3112.116","en-au,en-us","https://www.paypal.com/webapps/hermes?flow=1-P&ulReturn=true&token=EC-7YU22144PR8363255&country.x=AU&locale.x=en_AU"
"723","730","120.21.175.7","Australia Victoria Melbourne","Mozilla/5.0 (Linux; Android 7.0; SM-G920I Build/NRD90M; wv) AppleWebKit/537.36 (KHTML, like Gecko) Version/4.0 Chrome/55.0.2883.91 Mobile Safari/537.36 Instagram 10.31.0 Android (24/7.0; 640dpi; 1440x2560; samsung; SM-G920I; zeroflte; samsungexynos7420; en_AU)","AndroidOS7.0","Chrome55.0.2883.91","en-au,en-us","https://www.paypal.com/webapps/hermes?flow=1-P&ulReturn=true&token=EC-6MN47771PA461561M&country.x=AU&locale.x=en_AU"
"724","731","137.92.196.141","Australia Australian Capital Territory Canberra","Mozilla/5.0 (Windows NT 10.0; Win64; x64) AppleWebKit/537.36 (KHTML, like Gecko) Chrome/60.0.3112.113 Safari/537.36","Windows10.0","Chrome60.0.3112.113","en-us,en","https://www.jollyhers.com/checkout/address"
"730","737","61.69.247.58","Australia New South Wales Sydney","Mozilla/5.0 (iPhone; CPU iPhone OS 10_3_3 like Mac OS X) AppleWebKit/603.3.8 (KHTML, like Gecko) Mobile/14G60 [FBAN/MessengerForiOS;FBAV/128.0.0.43.90;FBBV/66013621;FBDV/iPhone9,3;FBMD/iPhone;FBSN/iOS;FBSV/10.3.3;FBSS/2;FBCR/Lebara;FBID/phone;FBLC/en_GB;FBOP/5;FBRV/0]","iOS10_3_3","Mozilla","en-au","https://www.paypal.com/webapps/hermes?flow=1-P&ulReturn=true&token=EC-1WR24131W03761538&country.x=AU&locale.x=en_AU"
"731","738","1.125.110.247","Australia South Australia Adelaide","Mozilla/5.0 (Linux; Android 6.0.1; HTC 2PST1 Build/MMB29M; wv) AppleWebKit/537.36 (KHTML, like Gecko) Version/4.0 Chrome/60.0.3112.116 Mobile Safari/537.36 [FB_IAB/FB4A;FBAV/141.0.0.31.91;]","AndroidOS6.0.1","Chrome60.0.3112.116","en-au,en-us","https://www.jollyhers.com/checkout/address"
"736","743","1.125.110.247","Australia South Australia Adelaide","Mozilla/5.0 (Linux; Android 6.0.1; HTC 2PST1 Build/MMB29M; wv) AppleWebKit/537.36 (KHTML, like Gecko) Version/4.0 Chrome/60.0.3112.116 Mobile Safari/537.36 [FB_IAB/FB4A;FBAV/141.0.0.31.91;]","AndroidOS6.0.1","Chrome60.0.3112.116","en-au,en-us","https://www.jollyhers.com/checkout/address"
"738","745","107.77.232.176","United States Kentucky Louisville","Mozilla/5.0 (Linux; Android 7.0; SAMSUNG-SM-G930A Build/NRD90M; wv) AppleWebKit/537.36 (KHTML, like Gecko) Version/4.0 Chrome/60.0.3112.116 Mobile Safari/537.36 [FB_IAB/FB4A;FBAV/141.0.0.31.91;]","AndroidOS7.0","Chrome60.0.3112.116","en-us","https://www.paypal.com/webscr?cmd=_express-checkout&token=EC-5J084239UU5406315"
"743","750","203.220.152.4","Australia Queensland Brisbane","Mozilla/5.0 (Linux; Android 7.1.1; ONEPLUS A3000 Build/NMF26F; wv) AppleWebKit/537.36 (KHTML, like Gecko) Version/4.0 Chrome/60.0.3112.116 Mobile Safari/537.36 [FB_IAB/FB4A;FBAV/141.0.0.31.91;]","AndroidOS7.1.1","Chrome60.0.3112.116","en-au,en-us","https://www.paypal.com/webapps/hermes?flow=1-P&ulReturn=true&token=EC-37W50469SY082624K&country.x=AU&locale.x=en_AU"
"745","752","37.172.255.123","France Île-de-France Paris (8th arrondissement of Paris)","Mozilla/5.0 (Linux; Android 7.0; SM-G935F Build/NRD90M; wv) AppleWebKit/537.36 (KHTML, like Gecko) Version/4.0 Chrome/60.0.3112.116 Mobile Safari/537.36 [FB_IAB/FB4A;FBAV/141.0.0.31.91;]","AndroidOS7.0","Chrome60.0.3112.116","pt-br,en-us","https://www.paypal.com/webapps/hermes?flow=1-P&ulReturn=true&token=EC-27H25535FH5462126&country.x=FR&locale.x=fr_FR"
"751","758","80.214.77.183","France Île-de-France Paris","Mozilla/5.0 (Linux; Android 7.0; SM-G925F Build/NRD90M; wv) AppleWebKit/537.36 (KHTML, like Gecko) Version/4.0 Chrome/60.0.3112.107 Mobile Safari/537.36 [FB_IAB/FB4A;FBAV/140.0.0.24.91;]","AndroidOS7.0","Chrome60.0.3112.107","en-gb,en-us","https://www.paypal.com/webapps/hermes?flow=1-P&ulReturn=true&token=EC-6PM41077EG158670W&country.x=FR&locale.x=fr_FR"
"758","765","37.201.228.30","Germany North Rhine-Westphalia Essen","Mozilla/5.0 (Windows NT 6.1) AppleWebKit/537.36 (KHTML, like Gecko) Chrome/60.0.3112.113 Safari/537.36","Windows6.1","Chrome60.0.3112.113","en-us,en,de","https://www.paypal.com/webscr?cmd=_express-checkout&token=EC-8RU01973PA555051J"
"765","772","185.44.151.137","Germany Saxony Leipzig","Mozilla/5.0 (Linux; Android 6.0.1; SM-J500FN Build/MMB29M; wv) AppleWebKit/537.36 (KHTML, like Gecko) Version/4.0 Chrome/59.0.3071.125 Mobile Safari/537.36 [FB_IAB/FB4A;FBAV/140.0.0.24.91;]","AndroidOS6.0.1","Chrome59.0.3071.125","bg-bg,en-us","https://www.jollyhers.com/checkout/address"
"766","773","120.17.69.169","Australia New South Wales Sydney","Mozilla/5.0 (iPhone; CPU iPhone OS 10_3_3 like Mac OS X) AppleWebKit/603.3.8 (KHTML, like Gecko) Mobile/14G60 [FBAN/MessengerForiOS;FBAV/131.0.0.39.48;FBBV/68165081;FBDV/iPhone9,4;FBMD/iPhone;FBSN/iOS;FBSV/10.3.3;FBSS/3;FBCR/vodaAU;FBID/phone;FBLC/en_GB;FBOP/5;FBRV/0]","iOS10_3_3","Mozilla","en-au","https://www.jollyhers.com/checkout/address"
"773","780","174.91.62.69","Canada Ontario Stoney Creek","Mozilla/5.0 (Linux; Android 5.0; SM-N9005 Build/LRX21V) AppleWebKit/537.36 (KHTML, like Gecko) Chrome/60.0.3112.116 Mobile Safari/537.36","AndroidOS5.0","Chrome60.0.3112.116","en-us,en","https://www.jollyhers.com/checkout/address"
"778","785","47.91.146.229","United States California San Mateo","Mozilla/5.0 (Windows NT 10.0; Win64; x64) AppleWebKit/537.36 (KHTML, like Gecko) Chrome/60.0.3112.113 Safari/537.36","Windows10.0","Chrome60.0.3112.113","zh-cn,zh","https://www.jollyhers.com/checkout/address"
"779","786","47.91.146.229","United States California San Mateo","Mozilla/5.0 (Windows NT 6.1; WOW64; rv:55.0) Gecko/20100101 Firefox/55.0","Windows6.1","Firefox55.0","zh-cn,zh,en-us,en","https://www.jollyhers.com/checkout/address"
"785","792","47.91.146.229","United States California San Mateo","Mozilla/5.0 (Android 6.0; Mobile; rv:54.0) Gecko/54.0 Firefox/54.0","AndroidOS6.0","Firefox54.0","zh-cn,zh,en-us,en","https://www.jollyhers.com/checkout/address"
"786","793","47.91.146.229","United States California San Mateo","Mozilla/5.0 (Linux; Android 5.0; SM-G900P Build/LRX21T) AppleWebKit/537.36 (KHTML, like Gecko) Chrome/60.0.3112.113 Mobile Safari/537.36","AndroidOS5.0","Chrome60.0.3112.113","zh-cn,zh","https://www.jollyhers.com/checkout/address"
"792","799","47.91.146.229","United States California San Mateo","Mozilla/5.0 (Windows NT 6.1; WOW64) AppleWebKit/537.36 (KHTML, like Gecko) Chrome/49.0.2623.221 Safari/537.36 SE 2.X MetaSr 1.0","Windows6.1","Chrome49.0.2623.221","zh-cn,zh","https://www.jollyhers.com/checkout/address"
"799","806","47.89.255.11","United States California San Mateo","Mozilla/5.0 (Windows NT 6.1; WOW64; rv:55.0) Gecko/20100101 Firefox/55.0","Windows6.1","Firefox55.0","zh-cn,zh,en-us,en","https://www.jollyhers.com/checkout/address"
"806","813","47.91.146.229","United States California San Mateo","Mozilla/5.0 (Windows NT 10.0; Win64; x64) AppleWebKit/537.36 (KHTML, like Gecko) Chrome/60.0.3112.113 Safari/537.36","Windows10.0","Chrome60.0.3112.113","zh-cn,zh","https://www.jollyhers.com/checkout/address"
"808","815","47.89.255.11","United States California San Mateo","Mozilla/5.0 (Windows NT 6.1; Win64; x64) AppleWebKit/537.36 (KHTML, like Gecko) Chrome/46.0.2490.86 Safari/537.36","Windows6.1","Chrome46.0.2490.86","zh-cn,zh","https://www.jollyhers.com/checkout/address"
"814","821","47.91.146.229","United States California San Mateo","Mozilla/5.0 (Windows NT 6.1; Win64; x64) AppleWebKit/537.36 (KHTML, like Gecko) Chrome/61.0.3163.79 Safari/537.36","Windows6.1","Chrome61.0.3163.79","zh-cn,zh","https://www.jollyhers.com/checkout/address"
"815","822","47.91.146.229","United States California San Mateo","Mozilla/5.0 (Windows NT 6.1; Win64; x64) AppleWebKit/537.36 (KHTML, like Gecko) Chrome/61.0.3163.79 Safari/537.36","Windows6.1","Chrome61.0.3163.79","zh-cn,zh","https://www.jollyhers.com/checkout/address"
"822","829","47.89.255.11","United States California San Mateo","Mozilla/5.0 (iPad; CPU OS 7_0 like Mac OS X) AppleWebKit/537.51.1 (KHTML, like Gecko) Version/7.0 Mobile/11A465 Safari/9537.53","iOS7_0","Safari7.0","zh-cn,zh","https://www.jollyhers.com/checkout/address"
"827","834","47.91.146.229","United States California San Mateo","Mozilla/5.0 (Linux; Android 5.0; SM-G900P Build/LRX21T) AppleWebKit/537.36 (KHTML, like Gecko) Chrome/60.0.3112.113 Mobile Safari/537.36","AndroidOS5.0","Chrome60.0.3112.113","zh-cn,zh","https://www.jollyhers.com/checkout/address"
"834","841","47.91.146.229","United States California San Mateo","Mozilla/5.0 (Windows NT 10.0; Win64; x64) AppleWebKit/537.36 (KHTML, like Gecko) Chrome/60.0.3112.113 Safari/537.36","Windows10.0","Chrome60.0.3112.113","zh-cn,zh","https://www.jollyhers.com/checkout/address"
"836","843","47.91.146.229","United States California San Mateo","Mozilla/5.0 (Linux; Android 5.0; SM-G900P Build/LRX21T) AppleWebKit/537.36 (KHTML, like Gecko) Chrome/60.0.3112.113 Mobile Safari/537.36","AndroidOS5.0","Chrome60.0.3112.113","zh-cn,zh","https://www.jollyhers.com/checkout/address"
"843","850","47.89.255.11","United States California San Mateo","Mozilla/5.0 (Windows NT 6.1; WOW64; rv:55.0) Gecko/20100101 Firefox/55.0","Windows6.1","Firefox55.0","zh-cn,zh,en-us,en","https://www.jollyhers.com/checkout/address"
"850","857","47.89.255.11","United States California San Mateo","Mozilla/5.0 (iPad; CPU OS 7_0 like Mac OS X) AppleWebKit/537.51.1 (KHTML, like Gecko) Version/7.0 Mobile/11A465 Safari/9537.53","iOS7_0","Safari7.0","zh-cn,zh","https://www.jollyhers.com/checkout/address"
"856","863","47.91.146.229","United States California San Mateo","Mozilla/5.0 (Windows NT 6.1; WOW64) AppleWebKit/537.36 (KHTML, like Gecko) Chrome/49.0.2623.221 Safari/537.36 SE 2.X MetaSr 1.0","Windows6.1","Chrome49.0.2623.221","zh-cn,zh","https://www.jollyhers.com/checkout/address"
"863","870","47.91.146.229","United States California San Mateo","Mozilla/5.0 (Windows NT 6.1; Win64; x64) AppleWebKit/537.36 (KHTML, like Gecko) Chrome/59.0.3071.109 Safari/537.36","Windows6.1","Chrome59.0.3071.109","zh-cn,zh","https://www.jollyhers.com/checkout/address"
"870","877","27.33.112.104","Australia South Australia Windsor Gardens","Mozilla/5.0 (iPad; CPU OS 10_3_3 like Mac OS X) AppleWebKit/603.3.8 (KHTML, like Gecko) Version/10.0 Mobile/14G60 Safari/602.1","iOS10_3_3","Safari10.0","en-au","https://www.paypal.com/webapps/hermes?flow=1-P&ulReturn=true&token=EC-8VR75801H4886451J&country.x=AU&locale.x=en_AU"
"871","878","114.75.212.237","Australia New South Wales Sydney","Mozilla/5.0 (Linux; Android 7.0; SAMSUNG SM-G955F Build/NRD90M) AppleWebKit/537.36 (KHTML, like Gecko) SamsungBrowser/5.4 Chrome/51.0.2704.106 Mobile Safari/537.36","AndroidOS7.0","Chrome51.0.2704.106","en-gb,en-us,en","https://www.jollyhers.com/checkout/address"
"877","884","47.91.146.229","United States California San Mateo","Mozilla/5.0 (Linux; Android 5.0; SM-G900P Build/LRX21T) AppleWebKit/537.36 (KHTML, like Gecko) Chrome/60.0.3112.113 Mobile Safari/537.36","AndroidOS5.0","Chrome60.0.3112.113","zh-cn,zh","https://www.jollyhers.com/checkout/address"
"883","890","1.41.141.245","Australia New South Wales Blacktown","Mozilla/5.0 (Linux; Android 6.0.1; Nexus 5 Build/M4B30Z; wv) AppleWebKit/537.36 (KHTML, like Gecko) Version/4.0 Chrome/60.0.3112.116 Mobile Safari/537.36 [FB_IAB/FB4A;FBAV/141.0.0.31.91;]","AndroidOS6.0.1","Chrome60.0.3112.116","en-gb,en-us","https://www.paypal.com/webapps/hermes?flow=1-P&ulReturn=true&token=EC-0XR01834FU7594155&country.x=AU&locale.x=en_AU"
"890","897","162.94.28.122","United States Missouri Kansas City","Mozilla/5.0 (Windows NT 6.3; WOW64) AppleWebKit/537.36 (KHTML, like Gecko) Chrome/60.0.3112.101 Safari/537.36","Windows6.3","Chrome60.0.3112.101","en-us,en","https://www.jollyhers.com/checkout/address"
"892","899","188.104.161.127","Germany Baden-Württemberg Region Stuttgart","Mozilla/5.0 (iPhone; CPU iPhone OS 10_3_3 like Mac OS X) AppleWebKit/602.1.50 (KHTML, like Gecko) GSA/34.1.167176684 Mobile/14G60 Safari/602.1","iOS10_3_3","Safari602.1","de-de","https://www.paypal.com/webapps/hermes?flow=1-P&ulReturn=true&token=EC-60721809E6956750Y&country.x=DE&locale.x=de_DE"
"897","904","84.61.252.146","Germany Saxony Leipzig","Mozilla/5.0 (Linux; Android 6.0.1; SM-J500FN Build/MMB29M; wv) AppleWebKit/537.36 (KHTML, like Gecko) Version/4.0 Chrome/60.0.3112.116 Mobile Safari/537.36 [FB_IAB/FB4A;FBAV/141.0.0.31.91;]","AndroidOS6.0.1","Chrome60.0.3112.116","tr-bg,en-us","https://www.paypal.com/webscr?cmd=_express-checkout&token=EC-02H43124UF7935738"
"898","905","1.144.97.230","Australia New South Wales Mascot","Mozilla/5.0 (Linux; Android 5.1.1; X9079 Build/LMY47V; wv) AppleWebKit/537.36 (KHTML, like Gecko) Version/4.0 Chrome/60.0.3112.116 Mobile Safari/537.36 [FB_IAB/FB4A;FBAV/141.0.0.31.91;]","AndroidOS5.1.1","Chrome60.0.3112.116","en-gb,en-us","https://www.jollyhers.com/checkout/address"
"904","911","47.91.146.229","United States California San Mateo","Mozilla/5.0 (Linux; Android 5.0; SM-G900P Build/LRX21T) AppleWebKit/537.36 (KHTML, like Gecko) Chrome/59.0.3071.109 Mobile Safari/537.36","AndroidOS5.0","Chrome59.0.3071.109","zh-cn,zh","https://www.jollyhers.com/checkout/address"
"905","912","47.91.146.229","United States California San Mateo","Mozilla/5.0 (Linux; Android 5.0; SM-G900P Build/LRX21T) AppleWebKit/537.36 (KHTML, like Gecko) Chrome/59.0.3071.109 Mobile Safari/537.36","AndroidOS5.0","Chrome59.0.3071.109","zh-cn,zh","https://www.jollyhers.com/checkout/address"
"906","913","1.80.2.55","China Shaanxi Xi'an","Mozilla/5.0 (iPhone; CPU iPhone OS 9_1 like Mac OS X) AppleWebKit/601.1.46 (KHTML, like Gecko) Version/9.0 Mobile/13B143 Safari/601.1","iOS9_1","Safari9.0","zh-cn,zh","https://www.jollyhers.com/checkout/address"
"911","918","84.61.252.146","Germany Saxony Leipzig","Mozilla/5.0 (Linux; Android 6.0.1; SM-J500FN Build/MMB29M) AppleWebKit/537.36 (KHTML, like Gecko) Chrome/60.0.3112.116 Mobile Safari/537.36","AndroidOS6.0.1","Chrome60.0.3112.116","bg-bg,bg","https://www.paypal.com/webapps/hermes?flow=1-P&ulReturn=true&token=EC-8E298645GF3652846&country.x=DE&locale.x=de_DE"
"918","925","86.18.161.242","United Kingdom England Mansfield","Mozilla/5.0 (Linux; Android 7.0; SM-G920F Build/NRD90M) AppleWebKit/537.36 (KHTML, like Gecko) Chrome/60.0.3112.116 Mobile Safari/537.36","AndroidOS7.0","Chrome60.0.3112.116","ro-ro,ro,en-us,en","https://www.jollyhers.com/checkout/address"
"925","932","86.18.161.242","United Kingdom England Mansfield","Mozilla/5.0 (Linux; Android 7.0; SM-G920F Build/NRD90M) AppleWebKit/537.36 (KHTML, like Gecko) Chrome/60.0.3112.116 Mobile Safari/537.36","AndroidOS7.0","Chrome60.0.3112.116","ro-ro,ro,en-us,en","https://www.jollyhers.com/checkout/address"
"927","934","1.40.104.231","Australia New South Wales Canley Heights","Mozilla/5.0 (iPhone; CPU iPhone OS 10_3_3 like Mac OS X) AppleWebKit/602.1.50 (KHTML, like Gecko) GSA/34.1.167176684 Mobile/14G60 Safari/602.1","iOS10_3_3","Safari602.1","en-au","https://www.jollyhers.com/checkout/address"
"934","941","84.61.252.146","Germany Saxony Leipzig","Mozilla/5.0 (Linux; Android 6.0.1; SM-J500FN Build/MMB29M; wv) AppleWebKit/537.36 (KHTML, like Gecko) Version/4.0 Chrome/60.0.3112.116 Mobile Safari/537.36 [FB_IAB/FB4A;FBAV/141.0.0.31.91;]","AndroidOS6.0.1","Chrome60.0.3112.116","tr-bg,en-us","https://www.paypal.com/webscr?cmd=_express-checkout&token=EC-4VA21083TA637440A"
"940","947","82.132.184.217","United Kingdom England Chelmsford","Mozilla/5.0 (Linux; Android 7.1.1; F8331 Build/41.2.A.7.53) AppleWebKit/537.36 (KHTML, like Gecko) Chrome/60.0.3112.116 Mobile Safari/537.36","AndroidOS7.1.1","Chrome60.0.3112.116","en-gb,en-us,en","https://www.jollyhers.com/checkout/address"
"946","953","73.96.105.27","United States Oregon Portland","Mozilla/5.0 (iPhone; CPU iPhone OS 10_3_3 like Mac OS X) AppleWebKit/603.3.8 (KHTML, like Gecko) Mobile/14G60 [FBAN/FBIOS;FBAV/65.0.0.53.139;FBBV/40125428;FBRV/0;FBDV/iPhone9,4;FBMD/iPhone;FBSN/iOS;FBSV/10.3.3;FBSS/3;FBCR/T-Mobile;FBID/phone;FBLC/en_US;FBOP/5]","iOS10_3_3","Mozilla","en-us","https://www.jollyhers.com/checkout/address"
"947","954","37.172.107.62","France Île-de-France Paris (8th arrondissement of Paris)","Mozilla/5.0 (Linux; Android 7.0; SM-G935F Build/NRD90M; wv) AppleWebKit/537.36 (KHTML, like Gecko) Version/4.0 Chrome/60.0.3112.116 Mobile Safari/537.36 [FB_IAB/FB4A;FBAV/141.0.0.31.91;]","AndroidOS7.0","Chrome60.0.3112.116","pt-br,en-us","https://www.paypal.com/webapps/hermes?flow=1-P&ulReturn=true&token=EC-05730535ND161005K&country.x=FR&locale.x=fr_FR"
"948","955","76.27.244.23","United States Oregon Portland","Mozilla/5.0 (iPhone; CPU iPhone OS 10_3_3 like Mac OS X) AppleWebKit/603.3.8 (KHTML, like Gecko) Mobile/14G60 [FBAN/FBIOS;FBAV/65.0.0.53.139;FBBV/40125428;FBRV/0;FBDV/iPhone9,4;FBMD/iPhone;FBSN/iOS;FBSV/10.3.3;FBSS/3;FBCR/T-Mobile;FBID/phone;FBLC/en_US;FBOP/5]","iOS10_3_3","Mozilla","en-us","https://www.paypal.com/webapps/hermes?flow=1-P&ulReturn=true&token=EC-0P429142WD002790V&country.x=US&locale.x=en_US"
"953","960","193.57.121.44","France Grand-Est Strasbourg","Mozilla/5.0 (Linux; Android 7.0; SM-G935F Build/NRD90M) AppleWebKit/537.36 (KHTML, like Gecko) Chrome/60.0.3112.116 Mobile Safari/537.36","AndroidOS7.0","Chrome60.0.3112.116","fr-fr,fr,en-us,en","https://www.jollyhers.com/checkout/address"
"954","961","84.61.252.146","Germany Saxony Leipzig","Mozilla/5.0 (Linux; Android 6.0.1; SM-J500FN Build/MMB29M) AppleWebKit/537.36 (KHTML, like Gecko) Chrome/60.0.3112.116 Mobile Safari/537.36","AndroidOS6.0.1","Chrome60.0.3112.116","bg-bg,bg","https://www.jollyhers.com/checkout/address"
"960","967","86.18.161.242","United Kingdom England Mansfield","Mozilla/5.0 (Linux; Android 7.0; SAMSUNG SM-G935F Build/NRD90M) AppleWebKit/537.36 (KHTML, like Gecko) SamsungBrowser/5.4 Chrome/51.0.2704.106 Mobile Safari/537.36","AndroidOS7.0","Chrome51.0.2704.106","ro-ro,ro,en-us,en","https://www.jollyhers.com/checkout/address"
"967","974","79.68.25.158","United Kingdom England Bristol","Mozilla/5.0 (iPhone; CPU iPhone OS 10_3_3 like Mac OS X) AppleWebKit/603.3.8 (KHTML, like Gecko) Version/10.0 Mobile/14G60 Safari/602.1","iOS10_3_3","Safari10.0","en-gb","https://www.jollyhers.com/checkout/address"
"968","975","115.70.150.27","Australia Victoria Greenvale","Mozilla/5.0 (iPhone; CPU iPhone OS 10_3_3 like Mac OS X) AppleWebKit/603.3.8 (KHTML, like Gecko) Mobile/14G60 [FBAN/FBIOS;FBAV/89.0.0.52.71;FBBV/55613772;FBDV/iPhone9,3;FBMD/iPhone;FBSN/iOS;FBSV/10.3.3;FBSS/2;FBCR/vodaAU;FBID/phone;FBLC/en_GB;FBOP/5;FBRV/0]","iOS10_3_3","Mozilla","en-au","https://www.paypal.com/webscr?cmd=_express-checkout&token=EC-5C791265KV973580H"
"975","982","203.44.157.196","Australia Victoria Southbank","Mozilla/5.0 (Windows NT 6.1; Win64; x64) AppleWebKit/537.36 (KHTML, like Gecko) Chrome/60.0.3112.113 Safari/537.36","Windows6.1","Chrome60.0.3112.113","en-us,en","https://www.jollyhers.com/checkout/address"
"982","989","1.80.2.55","China Shaanxi Xi'an","Mozilla/5.0 (Windows NT 6.1; WOW64) AppleWebKit/537.36 (KHTML, like Gecko) Chrome/55.0.2883.87 Safari/537.36","Windows6.1","Chrome55.0.2883.87","zh-cn,zh","https://www.jollyhers.com/checkout/address"
"988","995","1.80.2.55","China Shaanxi Xi'an","Mozilla/5.0 (Windows NT 6.1; WOW64) AppleWebKit/537.36 (KHTML, like Gecko) Chrome/55.0.2883.87 Safari/537.36","Windows6.1","Chrome55.0.2883.87","zh-cn,zh","https://www.jollyhers.com/checkout/address"
"989","996","1.80.0.245","China Shaanxi Xi'an","Mozilla/5.0 (Windows NT 6.1; WOW64) AppleWebKit/537.36 (KHTML, like Gecko) Chrome/60.0.3112.113 Safari/537.36","Windows6.1","Chrome60.0.3112.113","zh-cn,zh","https://www.jollyhers.com/checkout/address"
"996","1003","120.18.26.175","Australia New South Wales Berala","Mozilla/5.0 (iPhone; CPU iPhone OS 10_3_3 like Mac OS X) AppleWebKit/603.1.30 (KHTML, like Gecko) CriOS/61.0.3163.73 Mobile/14G60 Safari/602.1","iOS10_3_3","Chrome61.0.3163.73","en-au","https://www.paypal.com/webapps/hermes?flow=1-P&ulReturn=true&token=EC-0FE266968Y356111H&country.x=AU&locale.x=en_AU"
"1002","1009","82.45.231.177","United Kingdom England Ruislip","Mozilla/5.0 (Windows NT 10.0; Win64; x64) AppleWebKit/537.36 (KHTML, like Gecko) Chrome/60.0.3112.113 Safari/537.36","Windows10.0","Chrome60.0.3112.113","en-us,en","https://www.jollyhers.com/checkout/address"
"1004","1011","82.45.231.177","United Kingdom England Ruislip","Mozilla/5.0 (Windows NT 10.0; Win64; x64) AppleWebKit/537.36 (KHTML, like Gecko) Chrome/60.0.3112.113 Safari/537.36","Windows10.0","Chrome60.0.3112.113","en-us,en","https://www.jollyhers.com/checkout/address"
"1010","1017","82.45.231.177","United Kingdom England Ruislip","Mozilla/5.0 (Windows NT 10.0; Win64; x64) AppleWebKit/537.36 (KHTML, like Gecko) Chrome/60.0.3112.113 Safari/537.36","Windows10.0","Chrome60.0.3112.113","en-us,en","https://www.jollyhers.com/checkout/address"
"1016","1023","37.201.6.111","Germany Baden-Württemberg Region Reutlingen","Mozilla/5.0 (Linux; Android 5.1.1; SM-J500FN Build/LMY48B; wv) AppleWebKit/537.36 (KHTML, like Gecko) Version/4.0 Chrome/60.0.3112.116 Mobile Safari/537.36 [FB_IAB/FB4A;FBAV/141.0.0.31.91;]","AndroidOS5.1.1","Chrome60.0.3112.116","ro-ro,en-us","https://www.jollyhers.com/checkout/address"
"1023","1030","80.215.67.189","France Île-de-France Paris","Mozilla/5.0 (Linux; Android 7.0; SM-G925F Build/NRD90M; wv) AppleWebKit/537.36 (KHTML, like Gecko) Version/4.0 Chrome/60.0.3112.107 Mobile Safari/537.36 [FB_IAB/FB4A;FBAV/140.0.0.24.91;]","AndroidOS7.0","Chrome60.0.3112.107","en-gb,en-us","https://www.paypal.com/webscr?cmd=_express-checkout&token=EC-9BJ919024G317440F"
"1030","1037","5.172.53.230","United Kingdom Northern Ireland Londonderry","Mozilla/5.0 (iPhone; CPU iPhone OS 10_3_3 like Mac OS X) AppleWebKit/603.3.8 (KHTML, like Gecko) Version/10.0 Mobile/14G60 Safari/602.1","iOS10_3_3","Safari10.0","en-gb","https://www.jollyhers.com/checkout/address"
"1031","1038","78.35.233.229","Germany North Rhine-Westphalia Cologne","Mozilla/5.0 (iPhone; CPU iPhone OS 10_3_3 like Mac OS X) AppleWebKit/603.3.8 (KHTML, like Gecko) Mobile/14G60 [FBAN/FBIOS;FBAV/141.0.0.51.91;FBBV/71695290;FBDV/iPhone8,2;FBMD/iPhone;FBSN/iOS;FBSV/10.3.3;FBSS/3;FBCR/o2-de;FBID/phone;FBLC/de_DE;FBOP/5;FBRV/0]","iOS10_3_3","Mozilla","de-de","https://www.jollyhers.com/checkout/address"
"1032","1039","47.90.84.163","Hong Kong Central and Western Hong Kong","Mozilla/5.0 (Windows NT 6.1; WOW64) AppleWebKit/537.36 (KHTML, like Gecko) Chrome/59.0.3071.86 Safari/537.36","Windows6.1","Chrome59.0.3071.86","zh-cn,zh","https://www.jollyhers.com/checkout/address"
"1038","1045","123.211.211.19","Australia Queensland Wynnum","Mozilla/5.0 (iPhone; CPU iPhone OS 10_3_3 like Mac OS X) AppleWebKit/603.3.8 (KHTML, like Gecko) Mobile/14G60 [FBAN/FBIOS;FBAV/141.0.0.51.91;FBBV/71695290;FBDV/iPhone9,4;FBMD/iPhone;FBSN/iOS;FBSV/10.3.3;FBSS/3;FBCR/VirginMobile;FBID/phone;FBLC/en_GB;FBOP/5;FBRV/0]","iOS10_3_3","Mozilla","en-au","https://www.paypal.com/webapps/hermes?flow=1-P&ulReturn=true&token=EC-8BV2932598563620K&country.x=AU&locale.x=en_AU"
"1045","1052","60.241.227.145","Australia New South Wales Edensor Park","Mozilla/5.0 (Linux; Android 7.0; SM-G955F Build/NRD90M) AppleWebKit/537.36 (KHTML, like Gecko) Chrome/60.0.3112.116 Mobile Safari/537.36","AndroidOS7.0","Chrome60.0.3112.116","en-au,en-gb,en-us,en","https://www.jollyhers.com/checkout/address"
"1051","1058","58.179.189.203","Australia Victoria Dandenong","Mozilla/5.0 (Windows NT 10.0; Win64; x64) AppleWebKit/537.36 (KHTML, like Gecko) Chrome/52.0.2743.116 Safari/537.36 Edge/15.15063","Windows10.0","Edge15.15063","en-au","https://www.jollyhers.com/checkout/address"
"1052","1059","95.90.209.9","Germany Saxony Leipzig","Mozilla/5.0 (Linux; Android 7.0; WAS-LX1A Build/HUAWEIWAS-LX1A; wv) AppleWebKit/537.36 (KHTML, like Gecko) Version/4.0 Chrome/60.0.3112.116 Mobile Safari/537.36 [FB_IAB/FB4A;FBAV/142.0.0.29.92;]","AndroidOS7.0","Chrome60.0.3112.116","ru-ru,de-de,en-us","https://www.jollyhers.com/checkout/address"
"1059","1066","95.90.209.9","Germany Saxony Leipzig","Mozilla/5.0 (Linux; Android 7.0; WAS-LX1A Build/HUAWEIWAS-LX1A; wv) AppleWebKit/537.36 (KHTML, like Gecko) Version/4.0 Chrome/60.0.3112.116 Mobile Safari/537.36 [FB_IAB/FB4A;FBAV/142.0.0.29.92;]","AndroidOS7.0","Chrome60.0.3112.116","ru-ru,de-de,en-us","https://www.jollyhers.com/checkout/address"
"1066","1073","88.123.29.73","France Île-de-France Saacy-sur-Marne","Mozilla/5.0 (Linux; Android 7.0; SM-G935F Build/NRD90M) AppleWebKit/537.36 (KHTML, like Gecko) Chrome/60.0.3112.116 Mobile Safari/537.36","AndroidOS7.0","Chrome60.0.3112.116","fr-fr,fr,en-us,en","https://www.jollyhers.com/checkout/address"
"1067","1074","95.90.196.48","Germany Bavaria Kempten (Allgaeu)","Mozilla/5.0 (Linux; Android 7.0; SM-G935F Build/NRD90M; wv) AppleWebKit/537.36 (KHTML, like Gecko) Version/4.0 Chrome/59.0.3071.125 Mobile Safari/537.36 [FB_IAB/FB4A;FBAV/141.0.0.31.91;]","AndroidOS7.0","Chrome59.0.3071.125","en-gb,en-us","https://www.paypal.com/webapps/hermes?flow=1-P&ulReturn=true&token=EC-0LY21690ER0807356&country.x=DE&locale.x=de_DE"
"1074","1081","88.177.232.193","France Provence-Alpes-Côte d'Azur Fréjus","Mozilla/5.0 (Linux; Android 7.0; SM-G925F Build/NRD90M) AppleWebKit/537.36 (KHTML, like Gecko) Chrome/61.0.3163.98 Mobile Safari/537.36","AndroidOS7.0","Chrome61.0.3163.98","fr-fr,fr,en-us,en","https://www.jollyhers.com/checkout/address"
"1080","1087","95.90.196.48","Germany Bavaria Kempten (Allgaeu)","Mozilla/5.0 (Linux; Android 7.0; SM-G935F Build/NRD90M; wv) AppleWebKit/537.36 (KHTML, like Gecko) Version/4.0 Chrome/59.0.3071.125 Mobile Safari/537.36 [FB_IAB/FB4A;FBAV/141.0.0.31.91;]","AndroidOS7.0","Chrome59.0.3071.125","en-gb,en-us","https://www.paypal.com/webscr?cmd=_express-checkout&token=EC-1GS94452UG751403F"
"1086","1093","120.153.167.23","Australia New South Wales Windsor","Mozilla/5.0 (iPad; CPU OS 10_3_3 like Mac OS X) AppleWebKit/602.1.50 (KHTML, like Gecko) GSA/35.0.167640935 Mobile/14G60 Safari/602.1","iOS10_3_3","Safari602.1","en-au","https://www.jollyhers.com/checkout/address"
"1088","1095","223.104.11.248","China Shaanxi Xi'an","Mozilla/5.0 (iPhone; CPU iPhone OS 9_3 like Mac OS X) AppleWebKit/601.1.46 (KHTML, like Gecko) Version/9.0 Mobile/13E234 Safari/601.1","iOS9_3","Safari9.0","zh-cn","https://www.jollyhers.com/checkout/address"
"1094","1101","124.160.218.144","China Zhejiang Hangzhou","Mozilla/5.0 (Linux; U; Android 7.1.1; zh-CN; OPPO R11 Build/NMF26X) AppleWebKit/537.36 (KHTML, like Gecko) Version/4.0 Chrome/40.0.2214.89 UCBrowser/11.7.0.953 Mobile Safari/537.36","AndroidOS7.1.1","Chrome40.0.2214.89","zh-cn,en-us","https://www.jollyhers.com/checkout/address"
"1100","1107","117.136.86.46","China Shaanxi Xi'an","Mozilla/5.0 (Linux; Android 6.0; vivo Y67 Build/MRA58K; wv) AppleWebKit/537.36 (KHTML, like Gecko) Version/4.0 Chrome/53.0.2785.49 Mobile MQQBrowser/6.2 TBS/043507 Safari/537.36 V1_AND_SQ_7.2.0_730_YYB_D QQ/7.2.0.3270 NetType/4G WebP/0.3.0 Pixel/720","AndroidOS6.0","Chrome53.0.2785.49","zh-cn,en-us","https://www.jollyhers.com/checkout/address"
"1102","1109","95.222.29.210","Germany Hesse Kassel","Mozilla/5.0 (Linux; Android 6.0.1; SM-G800F Build/MMB29K; wv) AppleWebKit/537.36 (KHTML, like Gecko) Version/4.0 Chrome/60.0.3112.116 Mobile Safari/537.36 [FB_IAB/FB4A;FBAV/142.0.0.29.92;]","AndroidOS6.0.1","Chrome60.0.3112.116","de-de,en-us","https://www.jollyhers.com/checkout/address"
"1109","1116","82.29.57.30","United Kingdom England Bristol","Mozilla/5.0 (iPhone; CPU iPhone OS 10_3_1 like Mac OS X) AppleWebKit/603.1.30 (KHTML, like Gecko) Version/10.0 Mobile/14E304 Safari/602.1","iOS10_3_1","Safari10.0","en-gb","https://www.paypal.com/webapps/hermes?flow=1-P&ulReturn=true&token=EC-7YC209334T213450C&country.x=GB&locale.x=en_GB"
"1114","1121","37.201.243.140","Germany North Rhine-Westphalia Münster","Mozilla/5.0 (Linux; Android 7.0; SM-G930F Build/NRD90M; wv) AppleWebKit/537.36 (KHTML, like Gecko) Version/4.0 Chrome/60.0.3112.116 Mobile Safari/537.36 [FB_IAB/FB4A;FBAV/142.0.0.29.92;]","AndroidOS7.0","Chrome60.0.3112.116","de-de,en-us","https://www.jollyhers.com/checkout/address"
"1116","1123","120.20.115.61","Australia South Australia Adelaide","Mozilla/5.0 (Linux; Android 7.0; SM-G935F Build/NRD90M; wv) AppleWebKit/537.36 (KHTML, like Gecko) Version/4.0 Chrome/60.0.3112.116 Mobile Safari/537.36 [FB_IAB/FB4A;FBAV/142.0.0.29.92;]","AndroidOS7.0","Chrome60.0.3112.116","en-au,en-us","https://www.jollyhers.com/checkout/address"
"1123","1130","203.221.66.188","Australia New South Wales Sydney","Mozilla/5.0 (iPhone; CPU iPhone OS 10_3_3 like Mac OS X) AppleWebKit/603.3.8 (KHTML, like Gecko) Mobile/14G60 [FBAN/FBIOS;FBAV/141.0.0.51.91;FBBV/71695290;FBDV/iPhone9,3;FBMD/iPhone;FBSN/iOS;FBSV/10.3.3;FBSS/2;FBCR/Telstra;FBID/phone;FBLC/en_GB;FBOP/5;FBRV/0]","iOS10_3_3","Mozilla","en-au","https://www.paypal.com/webapps/hermes?flow=1-P&ulReturn=true&token=EC-2B536610GW614341S&country.x=AU&locale.x=en_AU"
"1130","1137","47.91.146.229","United States California San Mateo","Mozilla/5.0 (Windows NT 6.1; WOW64) AppleWebKit/537.36 (KHTML, like Gecko) Chrome/60.0.3112.90 Safari/537.36","Windows6.1","Chrome60.0.3112.90","zh-cn,zh","https://www.jollyhers.com/checkout/address"
"1136","1143","47.91.146.229","United States California San Mateo","Mozilla/5.0 (Windows NT 6.1; WOW64) AppleWebKit/537.36 (KHTML, like Gecko) Chrome/60.0.3112.90 Safari/537.36","Windows6.1","Chrome60.0.3112.90","zh-cn,zh","https://www.jollyhers.com/checkout/address"
"1143","1150","47.91.146.229","United States California San Mateo","Mozilla/5.0 (Windows NT 6.1; WOW64) AppleWebKit/537.36 (KHTML, like Gecko) Chrome/60.0.3112.90 Safari/537.36","Windows6.1","Chrome60.0.3112.90","zh-cn,zh","https://www.jollyhers.com/checkout/address"
"1144","1151","50.71.163.160","Canada Manitoba Winnipeg","Mozilla/5.0 (Linux; Android 6.0.1; SAMSUNG SM-A520W Build/MMB29K) AppleWebKit/537.36 (KHTML, like Gecko) SamsungBrowser/4.2 Chrome/44.0.2403.133 Mobile Safari/537.36","AndroidOS6.0.1","Chrome44.0.2403.133","en-ca,en-us,en","https://www.jollyhers.com/checkout/address"
"1149","1156","47.91.146.229","United States California San Mateo","Mozilla/5.0 (Windows NT 6.1; WOW64) AppleWebKit/537.36 (KHTML, like Gecko) Chrome/49.0.2623.221 Safari/537.36 SE 2.X MetaSr 1.0","Windows6.1","Chrome49.0.2623.221","zh-cn,zh","https://www.jollyhers.com/checkout/address"
"1151","1158","120.21.108.243","Australia Victoria Melbourne","Mozilla/5.0 (Linux; Android 7.0; SM-N920I Build/NRD90M; wv) AppleWebKit/537.36 (KHTML, like Gecko) Version/4.0 Chrome/60.0.3112.116 Mobile Safari/537.36 [FB_IAB/FB4A;FBAV/141.0.0.31.91;]","AndroidOS7.0","Chrome60.0.3112.116","en-au,en-us","https://www.paypal.com/webapps/hermes?flow=1-P&ulReturn=true&token=EC-98P82222AK818690H&country.x=AU&locale.x=en_AU"
"1156","1163","185.44.151.137","Germany Saxony Leipzig","Mozilla/5.0 (Linux; Android 4.3; GT-I9300 Build/JSS15J) AppleWebKit/537.36 (KHTML, like Gecko) Chrome/60.0.3112.116 Mobile Safari/537.36","AndroidOS4.3","Chrome60.0.3112.116","bg-bg,bg","https://www.jollyhers.com/checkout/address"
"1163","1170","185.44.151.137","Germany Saxony Leipzig","Mozilla/5.0 (Linux; Android 4.3; GT-I9300 Build/JSS15J) AppleWebKit/537.36 (KHTML, like Gecko) Chrome/60.0.3112.116 Mobile Safari/537.36","AndroidOS4.3","Chrome60.0.3112.116","bg-bg,bg","https://www.jollyhers.com/checkout/address"
"1165","1172","77.99.44.112","United Kingdom England Croydon","Mozilla/5.0 (iPhone; CPU iPhone OS 11_0 like Mac OS X) AppleWebKit/604.1.38 (KHTML, like Gecko) Version/11.0 Mobile/15A372 Safari/604.1","iOS11_0","Safari11.0","en-gb","https://www.jollyhers.com/checkout/address"
"1170","1177","188.29.164.31","United Kingdom England London","Mozilla/5.0 (iPhone; CPU iPhone OS 10_1_1 like Mac OS X) AppleWebKit/602.2.14 (KHTML, like Gecko) Version/10.0 Mobile/14B100 Safari/602.1","iOS10_1_1","Safari10.0","en-gb","https://www.jollyhers.com/checkout/address"
"1171","1178","47.151.30.52","United States California Westminster","Mozilla/5.0 (iPad; CPU OS 11_0 like Mac OS X) AppleWebKit/604.1.38 (KHTML, like Gecko) Mobile/15A372 [FBAN/FBIOS;FBAV/141.0.0.51.91;FBBV/71695290;FBDV/iPad4,8;FBMD/iPad;FBSN/iOS;FBSV/11.0;FBSS/2;FBCR/T-Mobile;FBID/tablet;FBLC/en_US;FBOP/5;FBRV/0]","iOS11_0","Mozilla","en-us","https://www.jollyhers.com/checkout/address"
"1178","1185","79.232.204.96","Germany Baden-Württemberg Region Friedrichshafen","Mozilla/5.0 (Linux; Android 7.0; SM-G920F Build/NRD90M; wv) AppleWebKit/537.36 (KHTML, like Gecko) Version/4.0 Chrome/60.0.3112.116 Mobile Safari/537.36 [FB_IAB/FB4A;FBAV/142.0.0.29.92;]","AndroidOS7.0","Chrome60.0.3112.116","ru-ru,en-us","https://www.jollyhers.com/checkout/address"
"1185","1192","67.210.156.169","United States Texas Princeton","Mozilla/5.0 (Windows NT 10.0; Win64; x64) AppleWebKit/537.36 (KHTML, like Gecko) Chrome/60.0.3112.113 Safari/537.36","Windows10.0","Chrome60.0.3112.113","en-us,en","https://www.paypal.com/webapps/hermes?flow=1-P&ulReturn=true&token=EC-19200095HN2756129&country.x=US&locale.x=en_US"
"1186","1193","178.1.210.10","Germany North Rhine-Westphalia Dusseldorf","Mozilla/5.0 (Linux; Android 6.0.1; SM-A320FL Build/MMB29K; wv) AppleWebKit/537.36 (KHTML, like Gecko) Version/4.0 Chrome/60.0.3112.116 Mobile Safari/537.36 [FB_IAB/FB4A;FBAV/141.0.0.31.91;]","AndroidOS6.0.1","Chrome60.0.3112.116","fr-fr,en-us","https://www.jollyhers.com/checkout/address"
"1193","1200","93.26.162.177","France Île-de-France Villeneuve-la-Garenne","Mozilla/5.0 (Linux; Android 7.0; SM-G928F Build/NRD90M; wv) AppleWebKit/537.36 (KHTML, like Gecko) Version/4.0 Chrome/60.0.3112.116 Mobile Safari/537.36 [FB_IAB/MESSENGER;FBAV/136.0.0.8.90;]","AndroidOS7.0","Chrome60.0.3112.116","fr-fr,en-us","https://www.jollyhers.com/checkout/address"
"1198","1205","90.103.23.64","France Hauts-de-France Lille","Mozilla/5.0 (Linux; Android 6.0.1; SM-J510FN Build/MMB29M; wv) AppleWebKit/537.36 (KHTML, like Gecko) Version/4.0 Chrome/59.0.3071.125 Mobile Safari/537.36 [FB_IAB/FB4A;FBAV/136.0.0.22.91;]","AndroidOS6.0.1","Chrome59.0.3071.125","fr-fr,en-us","https://www.jollyhers.com/checkout/address"
"1205","1212","90.103.23.64","France Hauts-de-France Lille","Mozilla/5.0 (Linux; Android 6.0.1; SM-J510FN Build/MMB29M; wv) AppleWebKit/537.36 (KHTML, like Gecko) Version/4.0 Chrome/59.0.3071.125 Mobile Safari/537.36 [FB_IAB/FB4A;FBAV/136.0.0.22.91;]","AndroidOS6.0.1","Chrome59.0.3071.125","fr-fr,en-us","https://www.jollyhers.com/checkout/address"
"1206","1213","2.125.152.93","United Kingdom England Sevenoaks","Mozilla/5.0 (Linux; Android 7.0; SAMSUNG SM-G935F Build/NRD90M) AppleWebKit/537.36 (KHTML, like Gecko) SamsungBrowser/5.4 Chrome/51.0.2704.106 Mobile Safari/537.36","AndroidOS7.0","Chrome51.0.2704.106","en-gb,en-us,en","https://www.jollyhers.com/checkout/address"
"1212","1219","94.15.191.155","United Kingdom England Ilford","Mozilla/5.0 (iPhone; CPU iPhone OS 10_3_3 like Mac OS X) AppleWebKit/603.3.8 (KHTML, like Gecko) Mobile/14G60 [FBAN/FBIOS;FBAV/142.0.0.79.88;FBBV/72578945;FBDV/iPhone9,3;FBMD/iPhone;FBSN/iOS;FBSV/10.3.3;FBSS/2;FBCR/vodafoneUK;FBID/phone;FBLC/pt_BR;FBOP/5;FBRV/0]","iOS10_3_3","Mozilla","pt-br","https://www.paypal.com/webapps/hermes?flow=1-P&ulReturn=true&token=EC-08H913970D175101Y&country.x=GB&locale.x=en_GB"
"1214","1221","178.202.190.40","Germany North Rhine-Westphalia Wuppertal","Mozilla/5.0 (iPhone; CPU iPhone OS 10_3_3 like Mac OS X) AppleWebKit/603.3.8 (KHTML, like Gecko) Mobile/14G60 [FBAN/FBIOS;FBAV/142.0.0.79.88;FBBV/72578945;FBDV/iPhone7,2;FBMD/iPhone;FBSN/iOS;FBSV/10.3.3;FBSS/2;FBCR/Telekom.de;FBID/phone;FBLC/de_DE;FBOP/5;FBRV/0]","iOS10_3_3","Mozilla","de-de","https://www.paypal.com/webapps/hermes?flow=1-P&ulReturn=true&token=EC-3RC07755VN2450219&country.x=DE&locale.x=de_DE"
"1221","1228","86.165.77.248","United Kingdom Northern Ireland Newry","Mozilla/5.0 (iPhone; CPU iPhone OS 10_3_3 like Mac OS X) AppleWebKit/603.3.8 (KHTML, like Gecko) Mobile/14G60 [FBAN/FBIOS;FBAV/84.0.0.36.37;FBBV/52496792;FBDV/iPhone8,1;FBMD/iPhone;FBSN/iOS;FBSV/10.3.3;FBSS/2;FBCR/vodafoneUK;FBID/phone;FBLC/en_GB;FBOP/5;FBRV/0]","iOS10_3_3","Mozilla","en-gb","https://www.paypal.com/webapps/hermes?flow=1-P&ulReturn=true&token=EC-31G50182L6200822P&country.x=GB&locale.x=en_GB"
"1226","1233","78.217.164.206","France Auvergne-Rhone-Alpes Saint-Chamond","Mozilla/5.0 (iPhone; CPU iPhone OS 7_1_2 like Mac OS X) AppleWebKit/537.51.2 (KHTML, like Gecko) Version/7.0 Mobile/11D257 Safari/9537.53","iOS7_1_2","Safari7.0","fr-fr","https://www.jollyhers.com/checkout/address"
"1227","1234","78.217.164.206","France Auvergne-Rhone-Alpes Saint-Chamond","Mozilla/5.0 (iPhone; CPU iPhone OS 10_3_3 like Mac OS X) AppleWebKit/603.3.8 (KHTML, like Gecko) Version/10.0 Mobile/14G60 Safari/602.1","iOS10_3_3","Safari10.0","fr-fr","https://www.jollyhers.com/checkout/address"
"1233","1240","31.17.251.108","Germany Bremen Bremen","Mozilla/5.0 (Linux; Android 6.0.1; SM-G930F Build/MMB29K) AppleWebKit/537.36 (KHTML, like Gecko) Chrome/60.0.3112.116 Mobile Safari/537.36","AndroidOS6.0.1","Chrome60.0.3112.116","tr-tr,tr,en-us,en","https://www.jollyhers.com/checkout/address"
"1234","1241","107.77.241.5","United States Maryland Riverdale Park","Mozilla/5.0 (iPhone; CPU iPhone OS 10_2_1 like Mac OS X) AppleWebKit/602.4.6 (KHTML, like Gecko) Version/10.0 Mobile/14D27 Safari/602.1","iOS10_2_1","Safari10.0","en-us","https://www.jollyhers.com/checkout/address"
"1241","1248","84.158.225.95","Germany Lower Saxony Edemissen","Mozilla/5.0 (Linux; Android 7.0; SM-G920F Build/NRD90M; wv) AppleWebKit/537.36 (KHTML, like Gecko) Version/4.0 Chrome/60.0.3112.116 Mobile Safari/537.36 [FB_IAB/FB4A;FBAV/142.0.0.29.92;]","AndroidOS7.0","Chrome60.0.3112.116","de-de,fa-af,fa-ir,en-us","https://www.jollyhers.com/checkout/address"
"1248","1255","101.189.75.63","Australia Victoria Tarneit","Mozilla/5.0 (iPad; CPU OS 10_3_3 like Mac OS X) AppleWebKit/603.3.8 (KHTML, like Gecko) Version/10.0 Mobile/14G60 Safari/602.1","iOS10_3_3","Safari10.0","en-au","https://www.paypal.com/webscr?cmd=_express-checkout&token=EC-8X116274NK031504G"
"1249","1256","124.171.39.200","Australia New South Wales Sydney","Mozilla/5.0 (iPhone; CPU iPhone OS 10_3_3 like Mac OS X) AppleWebKit/603.3.8 (KHTML, like Gecko) Mobile/14G60 [FBAN/FBIOS;FBAV/139.0.0.46.90;FBBV/70207865;FBDV/iPhone9,4;FBMD/iPhone;FBSN/iOS;FBSV/10.3.3;FBSS/3;FBCR/vodaAU;FBID/phone;FBLC/en_GB;FBOP/5;FBRV/0]","iOS10_3_3","Mozilla","en-au","https://www.paypal.com/webapps/hermes?flow=1-P&ulReturn=true&token=EC-3LW40163HE624213J&country.x=AU&locale.x=en_AU"
"1254","1261","47.89.255.11","United States California San Mateo","Mozilla/5.0 (iPad; CPU OS 7_0 like Mac OS X) AppleWebKit/537.51.1 (KHTML, like Gecko) Version/7.0 Mobile/11A465 Safari/9537.53","iOS7_0","Safari7.0","zh-cn,zh","https://www.jollyhers.com/checkout/address"
"1255","1262","122.151.227.250","Australia Victoria Thornbury","Mozilla/5.0 (iPhone; CPU iPhone OS 10_2 like Mac OS X) AppleWebKit/602.3.12 (KHTML, like Gecko) Version/10.0 Mobile/14C92 Safari/602.1","iOS10_2","Safari10.0","en-au","https://www.paypal.com/webapps/xoonboarding?token=EC-06A50367UU648843U&country.x=AU&locale.x=en_AU&country.x=AU&locale.x=en_AU"
"1262","1269","27.32.38.67","Australia New South Wales Hurstville Grove","Mozilla/5.0 (iPhone; CPU iPhone OS 10_3_3 like Mac OS X) AppleWebKit/603.3.8 (KHTML, like Gecko) Mobile/14G60 [FBAN/FBIOS;FBAV/142.0.0.79.88;FBBV/72578945;FBDV/iPhone9,4;FBMD/iPhone;FBSN/iOS;FBSV/10.3.3;FBSS/3;FBCR/vodaAU;FBID/phone;FBLC/en_GB;FBOP/5;FBRV/0]","iOS10_3_3","Mozilla","en-au","https://www.jollyhers.com/checkout/address"
"1268","1275","94.197.121.225","United Kingdom England Camberwell","Mozilla/5.0 (iPhone; CPU iPhone OS 10_3_3 like Mac OS X) AppleWebKit/603.3.8 (KHTML, like Gecko) Mobile/14G60 Instagram 15.0.0.30.88 (iPhone9,4; iOS 10_3_3; en_GB; en-GB; scale=2.61; gamut=wide; 1080x1920)","iOS10_3_3","Mozilla","en-gb","https://www.jollyhers.com/checkout/address"
"1270","1277","79.207.188.76","Germany North Rhine-Westphalia Cologne","Mozilla/5.0 (iPhone; CPU iPhone OS 10_3_3 like Mac OS X) AppleWebKit/603.3.8 (KHTML, like Gecko) Mobile/14G60 [FBAN/FBIOS;FBAV/142.0.0.79.88;FBBV/72578945;FBDV/iPhone8,1;FBMD/iPhone;FBSN/iOS;FBSV/10.3.3;FBSS/2;FBCR/E-Plus;FBID/phone;FBLC/tr_TR;FBOP/5;FBRV/0]","iOS10_3_3","Mozilla","tr-tr","https://www.jollyhers.com/checkout/address"
"1277","1284","2.247.241.153","Germany North Rhine-Westphalia Haan","Mozilla/5.0 (Linux; Android 6.0.1; SM-G900F Build/MMB29M; wv) AppleWebKit/537.36 (KHTML, like Gecko) Version/4.0 Chrome/60.0.3112.107 Mobile Safari/537.36 [FB_IAB/FB4A;FBAV/139.0.0.26.93;]","AndroidOS6.0.1","Chrome60.0.3112.107","tr-de,en-us","https://www.paypal.com/webapps/hermes?flow=1-P&ulReturn=true&token=EC-70X13506MF965653U&country.x=DE&locale.x=de_DE"
"1282","1289","98.195.85.159","United States Texas Pearland","Mozilla/5.0 (iPhone; CPU iPhone OS 10_3_3 like Mac OS X) AppleWebKit/603.3.8 (KHTML, like Gecko) Version/10.0 Mobile/14G60 Safari/602.1","iOS10_3_3","Safari10.0","en-us","https://www.paypal.com/webscr?cmd=_express-checkout&token=EC-7M895899H3442000M"
"1283","1290","47.91.146.229","United States California San Mateo","Mozilla/5.0 (Windows NT 10.0; Win64; x64) AppleWebKit/537.36 (KHTML, like Gecko) Chrome/60.0.3112.113 Safari/537.36","Windows10.0","Chrome60.0.3112.113","zh-cn,zh","https://www.jollyhers.com/checkout/address"
"1289","1296","1.80.2.156","China Shaanxi Xi'an","Mozilla/5.0 (Windows NT 6.1; Win64; x64) AppleWebKit/537.36 (KHTML, like Gecko) Chrome/61.0.3163.79 Safari/537.36","Windows6.1","Chrome61.0.3163.79","zh-cn,zh","https://www.jollyhers.com/checkout/address"
"1291","1298","120.16.149.119","Australia Western Australia Perth","Mozilla/5.0 (iPhone; CPU iPhone OS 10_3_3 like Mac OS X) AppleWebKit/603.3.8 (KHTML, like Gecko) Mobile/14G60 [FBAN/FBIOS;FBAV/141.0.0.51.91;FBBV/71695290;FBDV/iPhone8,2;FBMD/iPhone;FBSN/iOS;FBSV/10.3.3;FBSS/3;FBCR/vodaAU;FBID/phone;FBLC/en_GB;FBOP/5;FBRV/0]","iOS10_3_3","Mozilla","en-au","https://www.jollyhers.com/checkout/address"
"1298","1305","120.16.149.119","Australia Western Australia Perth","Mozilla/5.0 (iPhone; CPU iPhone OS 10_3_3 like Mac OS X) AppleWebKit/603.3.8 (KHTML, like Gecko) Mobile/14G60 [FBAN/FBIOS;FBAV/141.0.0.51.91;FBBV/71695290;FBDV/iPhone8,2;FBMD/iPhone;FBSN/iOS;FBSV/10.3.3;FBSS/3;FBCR/vodaAU;FBID/phone;FBLC/en_GB;FBOP/5;FBRV/0]","iOS10_3_3","Mozilla","en-au","https://www.jollyhers.com/checkout/address"
"1304","1311","58.7.238.8","Australia Queensland Yarrabilba","Mozilla/5.0 (Macintosh; Intel Mac OS X 10_12_3) AppleWebKit/602.4.8 (KHTML, like Gecko) Version/10.0.3 Safari/602.4.8","OS X10_12_3","Safari10.0.3","en-au","https://www.jollyhers.com/checkout/address"
"1305","1312","84.61.92.218","Germany Bremen Bremen","Mozilla/5.0 (Linux; Android 7.0; SM-G935F Build/NRD90M; wv) AppleWebKit/537.36 (KHTML, like Gecko) Version/4.0 Chrome/61.0.3163.98 Mobile Safari/537.36 [FB_IAB/FB4A;FBAV/141.0.0.31.91;]","AndroidOS7.0","Chrome61.0.3163.98","tr-tr,en-us","https://www.jollyhers.com/checkout/address"
"1311","1318","58.106.64.71","Australia New South Wales Sydney","Mozilla/5.0 (iPhone; CPU iPhone OS 10_2 like Mac OS X) AppleWebKit/602.3.12 (KHTML, like Gecko) Version/10.0 Mobile/14C92 Safari/602.1","iOS10_2","Safari10.0","en-au","https://www.paypal.com/webapps/hermes?flow=1-P&ulReturn=true&token=EC-82W10070P1260084F&country.x=AU&locale.x=en_AU"
"1317","1324","31.39.152.237","France Centre Orléans","Mozilla/5.0 (iPhone; CPU iPhone OS 10_2 like Mac OS X) AppleWebKit/602.3.12 (KHTML, like Gecko) Version/10.0 Mobile/14C92 Safari/602.1","iOS10_2","Safari10.0","fr-fr","https://www.jollyhers.com/checkout/address"
"1319","1326","68.174.186.116","United States New York Jackson Heights","Mozilla/5.0 (Linux; Android 5.0; SAMSUNG-SM-G900A Build/LRX21T; wv) AppleWebKit/537.36 (KHTML, like Gecko) Version/4.0 Chrome/61.0.3163.98 Mobile Safari/537.36 [FB_IAB/FB4A;FBAV/142.0.0.29.92;]","AndroidOS5.0","Chrome61.0.3163.98","en-us","https://www.paypal.com/webscr?cmd=_express-checkout&token=EC-9T7664344F781681B"
"1326","1333","68.174.186.116","United States New York Jackson Heights","Mozilla/5.0 (Linux; Android 5.0; SAMSUNG-SM-G900A Build/LRX21T; wv) AppleWebKit/537.36 (KHTML, like Gecko) Version/4.0 Chrome/61.0.3163.98 Mobile Safari/537.36 [FB_IAB/FB4A;FBAV/142.0.0.29.92;]","AndroidOS5.0","Chrome61.0.3163.98","en-us","https://www.paypal.com/webscr?cmd=_express-checkout&token=EC-5VM18673JR7956231"
"1331","1338","1.80.0.118","China Shaanxi Xi'an","Mozilla/5.0 (Windows NT 6.1; Win64; x64) AppleWebKit/537.36 (KHTML, like Gecko) Chrome/60.0.3112.90 Safari/537.36","Windows6.1","Chrome60.0.3112.90","zh-cn,zh","https://www.jollyhers.com/checkout/address"
"1332","1342","127.0.0.1","Unknown  ","Mozilla/5.0 (Windows NT 6.1; Win64; x64) AppleWebKit/537.36 (KHTML, like Gecko) Chrome/61.0.3163.79 Safari/537.36","Windows6.1","Chrome61.0.3163.79","zh-cn,zh","http://test.jollyhers.com/checkout/address"
"1333","1343","127.0.0.1","Unknown  ","Mozilla/5.0 (Windows NT 6.1; Win64; x64) AppleWebKit/537.36 (KHTML, like Gecko) Chrome/61.0.3163.79 Safari/537.36","Windows6.1","Chrome61.0.3163.79","zh-cn,zh","http://test.jollyhers.com/checkout/address"
"1334","1344","127.0.0.1","Unknown  ","Mozilla/5.0 (Windows NT 6.1; Win64; x64) AppleWebKit/537.36 (KHTML, like Gecko) Chrome/61.0.3163.79 Safari/537.36","Windows6.1","Chrome61.0.3163.79","zh-cn,zh","http://test.jollyhers.com/checkout/address"
"1335","1345","127.0.0.1","Unknown  ","Mozilla/5.0 (Windows NT 6.1; Win64; x64) AppleWebKit/537.36 (KHTML, like Gecko) Chrome/61.0.3163.79 Safari/537.36","Windows6.1","Chrome61.0.3163.79","zh-cn,zh","http://test.jollyhers.com/checkout/address"
"1336","1346","127.0.0.1","Unknown  ","Mozilla/5.0 (Windows NT 6.1; Win64; x64) AppleWebKit/537.36 (KHTML, like Gecko) Chrome/61.0.3163.79 Safari/537.36","Windows6.1","Chrome61.0.3163.79","zh-cn,zh","http://test.jollyhers.com/checkout/address"
"1337","1347","127.0.0.1","Unknown  ","Mozilla/5.0 (Linux; Android 6.0; Nexus 5 Build/MRA58N) AppleWebKit/537.36 (KHTML, like Gecko) Chrome/61.0.3163.79 Mobile Safari/537.36","AndroidOS6.0","Chrome61.0.3163.79","zh-cn,zh","http://test.jollyhers.com/checkout/address"
"1338","1349","127.0.0.1","Unknown  ","Mozilla/5.0 (Windows NT 6.1; Win64; x64) AppleWebKit/537.36 (KHTML, like Gecko) Chrome/61.0.3163.79 Safari/537.36","Windows6.1","Chrome61.0.3163.79","zh-cn,zh","http://test.jollyhers.com/checkout/address"
"1339","1350","127.0.0.1","Unknown  ","Mozilla/5.0 (Windows NT 6.1; Win64; x64) AppleWebKit/537.36 (KHTML, like Gecko) Chrome/61.0.3163.79 Safari/537.36","Windows6.1","Chrome61.0.3163.79","zh-cn,zh","http://test.jollyhers.com/checkout/address"
"1340","1352","127.0.0.1","Unknown  ","Mozilla/5.0 (Windows NT 6.1; Win64; x64) AppleWebKit/537.36 (KHTML, like Gecko) Chrome/61.0.3163.79 Safari/537.36","Windows6.1","Chrome61.0.3163.79","zh-cn,zh","http://test.jollyhers.com/checkout/address"
"1341","1353","127.0.0.1","Unknown  ","Mozilla/5.0 (Windows NT 6.1; Win64; x64) AppleWebKit/537.36 (KHTML, like Gecko) Chrome/61.0.3163.79 Safari/537.36","Windows6.1","Chrome61.0.3163.79","zh-cn,zh","http://test.jollyhers.com/checkout/address"
"1342","1354","127.0.0.1","Unknown  ","Mozilla/5.0 (Windows NT 6.1; Win64; x64) AppleWebKit/537.36 (KHTML, like Gecko) Chrome/61.0.3163.79 Safari/537.36","Windows6.1","Chrome61.0.3163.79","zh-cn,zh","http://test.jollyhers.com/checkout/address"
"1343","1355","127.0.0.1","Unknown  ","Mozilla/5.0 (Linux; Android 6.0; Nexus 5 Build/MRA58N) AppleWebKit/537.36 (KHTML, like Gecko) Chrome/61.0.3163.79 Mobile Safari/537.36","AndroidOS6.0","Chrome61.0.3163.79","zh-cn,zh","http://test.jollyhers.com/checkout/address"
"1344","1356","127.0.0.1","Unknown  ","Mozilla/5.0 (Linux; Android 6.0; Nexus 5 Build/MRA58N) AppleWebKit/537.36 (KHTML, like Gecko) Chrome/61.0.3163.79 Mobile Safari/537.36","AndroidOS6.0","Chrome61.0.3163.79","zh-cn,zh","http://test.jollyhers.com/checkout/address"
"1345","1357","127.0.0.1","Unknown  ","Mozilla/5.0 (Windows NT 6.1; Win64; x64) AppleWebKit/537.36 (KHTML, like Gecko) Chrome/61.0.3163.79 Safari/537.36","Windows6.1","Chrome61.0.3163.79","zh-cn,zh","http://test.jollyhers.com/checkout/address"
"1346","1358","127.0.0.1","Unknown  ","Mozilla/5.0 (Windows NT 6.1; Win64; x64) AppleWebKit/537.36 (KHTML, like Gecko) Chrome/61.0.3163.79 Safari/537.36","Windows6.1","Chrome61.0.3163.79","zh-cn,zh","http://test.jollyhers.com/checkout/address"
"1347","1359","127.0.0.1","Unknown  ","Mozilla/5.0 (Windows NT 6.1; Win64; x64) AppleWebKit/537.36 (KHTML, like Gecko) Chrome/61.0.3163.79 Safari/537.36","Windows6.1","Chrome61.0.3163.79","zh-cn,zh","http://test.jollyhers.com/checkout/address"
"1348","1360","127.0.0.1","Unknown  ","Mozilla/5.0 (Windows NT 6.1; Win64; x64) AppleWebKit/537.36 (KHTML, like Gecko) Chrome/61.0.3163.79 Safari/537.36","Windows6.1","Chrome61.0.3163.79","zh-cn,zh","http://test.jollyhers.com/checkout/address"
"1349","1361","127.0.0.1","Unknown  ","Mozilla/5.0 (Windows NT 6.1; Win64; x64) AppleWebKit/537.36 (KHTML, like Gecko) Chrome/61.0.3163.79 Safari/537.36","Windows6.1","Chrome61.0.3163.79","zh-cn,zh","http://test.jollyhers.com/checkout/address"
"1350","1362","127.0.0.1","Unknown  ","Mozilla/5.0 (Windows NT 6.1; Win64; x64) AppleWebKit/537.36 (KHTML, like Gecko) Chrome/61.0.3163.79 Safari/537.36","Windows6.1","Chrome61.0.3163.79","zh-cn,zh","http://test.jollyhers.com/checkout/address"
"1351","1363","127.0.0.1","Unknown  ","Mozilla/5.0 (Windows NT 6.1; Win64; x64) AppleWebKit/537.36 (KHTML, like Gecko) Chrome/61.0.3163.79 Safari/537.36","Windows6.1","Chrome61.0.3163.79","zh-cn,zh","http://test.jollyhers.com/checkout/address"
"1352","1366","127.0.0.1","Unknown  ","Mozilla/5.0 (Windows NT 6.1; WOW64) AppleWebKit/537.36 (KHTML, like Gecko) Chrome/61.0.3163.100 Safari/537.36","Windows6.1","Chrome61.0.3163.100","zh-cn,zh","http://127.0.0.1:8000/checkout/address"
"1353","1367","127.0.0.1","Unknown  ","Mozilla/5.0 (Windows NT 6.1; WOW64) AppleWebKit/537.36 (KHTML, like Gecko) Chrome/61.0.3163.100 Safari/537.36","Windows6.1","Chrome61.0.3163.100","zh-cn,zh","http://127.0.0.1:8000/checkout/address"
"1354","1368","127.0.0.1","Unknown  ","Mozilla/5.0 (Windows NT 6.1; WOW64) AppleWebKit/537.36 (KHTML, like Gecko) Chrome/61.0.3163.100 Safari/537.36","Windows6.1","Chrome61.0.3163.100","zh-cn,zh","http://127.0.0.1:8000/checkout/address"
"1355","1369","127.0.0.1","Unknown  ","Mozilla/5.0 (Windows NT 6.1; Win64; x64) AppleWebKit/537.36 (KHTML, like Gecko) Chrome/61.0.3163.79 Safari/537.36","Windows6.1","Chrome61.0.3163.79","zh-cn,zh","http://test.jollyhers.com/checkout/address"
"1356","1370","127.0.0.1","Unknown  ","Mozilla/5.0 (iPhone; CPU iPhone OS 9_1 like Mac OS X) AppleWebKit/601.1.46 (KHTML, like Gecko) Version/9.0 Mobile/13B143 Safari/601.1","iOS9_1","Safari9.0","zh-cn,zh","http://test.jollyhers.com/checkout/address"
"1357","1376","127.0.0.1","Unknown  ","Mozilla/5.0 (iPhone; CPU iPhone OS 9_1 like Mac OS X) AppleWebKit/601.1.46 (KHTML, like Gecko) Version/9.0 Mobile/13B143 Safari/601.1","iOS9_1","Safari9.0","zh-cn,zh","http://test.jollyhers.com/checkout/address"
"1358","1377","127.0.0.1","Unknown  ","Mozilla/5.0 (iPhone; CPU iPhone OS 9_1 like Mac OS X) AppleWebKit/601.1.46 (KHTML, like Gecko) Version/9.0 Mobile/13B143 Safari/601.1","iOS9_1","Safari9.0","zh-cn,zh","http://test.jollyhers.com/checkout/address"
