"1","1","323","Cute Bowknot Belted 3/4 Length Sleeve V-Neck Princess Dress","AO313548","29.5100","29.5100","1","Color: Red; Size: 100cm","[99,36]"
"8","8","955","Exquisite Lace Round Collar Sleeveless  Voile Bubble Dress","IP321387","51.6400","105.0000","1","Color: Purple; Size: 100cm","[94,36]"
"9","9","14988","New Style Bowknot Contrast Mini Voile Skirt","JX385690","24.5900","31.9700","1","Color: Multi; Size: 90cm","[192,29]"
"15","15","955","Exquisite Lace Round Collar Sleeveless  Voile Bubble Dress","IP321387","51.6400","105.0000","1","Color: Purple; Size: 100cm","[94,36]"
"22","22","185","Hollow Long Sleeve Exquisite Lace Bowknot Princess Dress","DJ313252","34.4300","34.4300","1","Color: Pink; Size: 110cm","[106,43]"
"24","24","955","Exquisite Lace Round Collar Sleeveless  Voile Bubble Dress","IP321387","51.6400","105.0000","1","Color: Purple; Size: 100cm","[94,36]"
"31","31","14666","Leopard Printing Short Sleeve Casual Blouse","HQ373967","51.8000","67.3400","1","Color: Leopard; Size: 120cm","[199,50]"
"36","36","14267","Fashion New Style Long Sleevve Double-Breasted Trench Coats","VZ372034","102.7000","133.5100","1","Color: Blue; Size: 150cm","[164,71]"
"43","36","323","Cute Bowknot Belted 3/4 Length Sleeve V-Neck Princess Dress","AO313548","29.5100","29.5100","1","Color: Red; Size: 100cm","[99,36]"
"45","38","185","Hollow Long Sleeve Exquisite Lace Bowknot Princess Dress","DJ313252","34.4300","34.4300","1","Color: Pink; Size: 110cm","[106,43]"
"52","45","1921","Classic Round Collar Long Sleeves Voile Full Dress","VN322138","68.8500","113.0000","1","Color: Purple; Size: 100cm","[94,36]"
"58","51","323","Cute Bowknot Belted 3/4 Length Sleeve V-Neck Princess Dress","AO313548","29.5100","29.5100","1","Color: Red; Size: 100cm","[99,36]"
"65","51","955","Exquisite Lace Round Collar Sleeveless  Voile Bubble Dress","IP321387","51.6400","105.0000","1","Color: Purple; Size: 100cm","[94,36]"
"72","58","14430","Fashion Stripe Long Sleeve Hooded Zipper Boy's Jackets","BV329291","58.3600","75.8700","1","Color: Multi; Size: 110cm","[192,43]"
"79","58","15486","Fashion Versatile Long Sleeves Strip T-shirt","XC373579","33.9300","44.1100","1","Color: White; Size: 80cm","[185,22]"
"80","59","10235","Exquisite Round Collar Short Sleeves Voile Full Dress","YB323740","68.8500","89.5000","1","Color: Blue; Size: 90cm","[164,29]"
"87","59","185","Hollow Long Sleeve Exquisite Lace Bowknot Princess Dress","DJ313252","34.4300","34.4300","1","Color: Pink; Size: 110cm","[106,43]"
"92","64","1900","Exquisite Hand-make Flower Round Collar Sleeveless Voile Party Dress","ZN322184","63.9300","0.0000","1","Color: Purple; Size: 110cm","[94,43]"
"99","64","1921","Classic Round Collar Long Sleeves Voile Full Dress","VN322138","68.8500","113.0000","1","Color: Purple; Size: 100cm","[94,36]"
"106","71","11012","Flower Embroidered Sleeveless Upscale Mini Dress","LP337094","28.0300","36.4400","1","Color: Blue; Size: 100cm","[164,36]"
"113","71","14997","Letter Pattern Long Sleeve Round Collar Comfy Sweaters","ZG373491","58.3600","75.8700","1","Color: Gray; Size: 110cm","[157,43]"
"114","72","15466","Fashion Simple Sleeveless Woolen Dress","UV375147","73.2800","95.2600","1","Color: RoseRed; Size: 140cm","[213,64]"
"121","79","15436","New Style Halloween Witch Cosplay Mini Dress","WI385310","32.7900","42.6300","1","Color: Multi; Size: 150cm","[192,71]"
"128","86","11826","Exquisite Embroidered Hem Long Sleeve Lace Fluffy Dress","LX318436","36.0700","46.8900","1","Color: Pink; Size: 120cm","[106,50]"
"135","93","955","Exquisite Lace Round Collar Sleeveless  Voile Bubble Dress","IP321387","51.6400","105.0000","1","Color: Purple; Size: 100cm","[94,36]"
"142","100","1921","Classic Round Collar Long Sleeves Voile Full Dress","VN322138","68.8500","113.0000","1","Color: Purple; Size: 100cm","[94,36]"
"149","107","185","Hollow Long Sleeve Exquisite Lace Bowknot Princess Dress","DJ313252","34.4300","34.4300","1","Color: Pink; Size: 110cm","[106,43]"
"155","113","11012","Flower Embroidered Sleeveless Upscale Mini Dress","LP337094","28.0300","36.4400","1","Color: Blue; Size: 100cm","[164,36]"
"162","113","13148","Cute Printing Tulle Fluffy Mini Skirts","PK331415","33.9300","44.1100","1","Color: Blue; Size: 150cm","[164,71]"
"169","113","185","Hollow Long Sleeve Exquisite Lace Bowknot Princess Dress","DJ313252","34.4300","34.4300","1","Color: Pink; Size: 110cm","[106,43]"
"176","120","12323","Cute Bowknot Sleeveless Tulle Delicate Lace Dress","IB326923","22.6200","29.4100","1","Color: Purple; Size: 70cm","[94,15]"
"183","120","2388","Exquisite Delicate Lace Flower Voile Tutu","PM360240","33.4400","0.0000","1","Color: Red; Size: 110cm","[99,43]"
"185","122","976","Girl's V-Neck Collar Sleeveless Mini Dress","GB324212","95.9000","120.0000","13","Color: Red; Size: 150cm","[99,71]"
"190","127","12323","Cute Bowknot Sleeveless Tulle Delicate Lace Dress","IB326923","22.6200","29.4100","1","Color: Purple; Size: 70cm","[94,15]"
"197","134","15338","Cute Bowknot Long Sleeve Double-Breasted Vogue Trench Coats","EU374287","91.2300","118.6000","1","Color: Blue; Size: 150cm","[164,71]"
"199","136","3376","Exquisite Handmade Flower Sleeveless Full Dress","PR357952","112.1300","145.7700","1","Color: White; Size: 100cm","[185,36]"
"206","143","12776","Cute Bowknot Fashion All-match Mini Suspenders Skirts","YO369342","43.7700","56.9000","1","Color: Blue; Size: 120cm","[164,50]"
"212","149","13322","Simple Stripe Vogue All-match Mini Skirts","CC369840","38.8500","50.5100","1","Color: Blue; Size: 160cm","[164,78]"
"219","149","15275","Comfy Pure Cotton Short Sleeve Polka Dot Dress","VL374365","51.8000","67.3400","1","Color: RoseRed; Size: 150cm","[213,71]"
"220","150","11012","Flower Embroidered Sleeveless Upscale Mini Dress","LP337094","28.0300","36.4400","1","Color: Blue; Size: 140cm","[164,64]"
"225","155","632","Summer Denim Pleated Mini Skirt","KG289759","20.3300","20.3300","1","Color: Blue; Size: 70cm","[164,15]"
"232","162","15759","Fashion Comfy All-match Long Sleeve Zipper Knitted Cardigan","JS376550","58.3600","75.8700","1","Color: RoseRed; Size: 130cm","[213,57]"
"233","163","2019","Delicate Bow Lace Sleeveless Voile Dress","PO360394","33.4400","51.0000","1","Color: White; Size: 110cm","[185,43]"
"241","171","323","Cute Bowknot Belted 3/4 Length Sleeve V-Neck Princess Dress","AO313548","29.5100","29.5100","1","Color: Red; Size: 130cm","[99,57]"
"247","177","1921","Classic Round Collar Long Sleeves Voile Full Dress","VN322138","68.8500","113.0000","1","Color: Purple; Size: 100cm","[94,36]"
"254","184","323","Cute Bowknot Belted 3/4 Length Sleeve V-Neck Princess Dress","AO313548","29.5100","29.5100","1","Color: Red; Size: 100cm","[99,36]"
"261","191","10788","Fashion Printing Red Belted Short Sleeve Mini Dress","KB337158","27.3000","35.4900","1","Color: White; Size: 110cm","[185,43]"
"268","191","11012","Flower Embroidered Sleeveless Upscale Mini Dress","LP337094","28.0300","36.4400","1","Color: Blue; Size: 110cm","[164,43]"
"275","191","14631","Classic Round Collar Sleeveless Flower Voile Mini Dress","VD333751","45.2500","58.8300","1","Color: White; Size: 110cm","[185,43]"
"282","191","15984","Fashion Printing Sleeveless Beach Mini Suspenders Dress","XG308365","30.8200","40.0700","1","Color: Green; Size: 120cm","[150,50]"
"288","197","1711","Exquisite Bow Sleeveless Full Dress","HI360581","33.4400","51.0000","1","Color: Purple; Size: 110cm","[94,43]"
"290","199","10839","Fashion Exquisite Embroidered Sleeveless Upscale Mini Dress","BQ337105","28.0300","36.4400","1","Color: Red; Size: 100cm","[99,36]"
"297","199","14246","New Style Long Sleeves Splicing Collision Dresss","FB325031","42.6200","55.4100","1","Color: White; Size: 110cm","[185,43]"
"304","199","2388","Exquisite Delicate Lace Flower Voile Tutu","PM360240","33.4400","0.0000","1","Color: Red; Size: 130cm","[99,57]"
"311","199","5281","Summer New Style Round Collar Sleeveless Embroidery Mid Dress","IY285819","29.9000","38.8700","1","Color: White; Size: 130cm","[185,57]"
"318","206","10839","Fashion Exquisite Embroidered Sleeveless Upscale Mini Dress","BQ337105","28.0300","36.4400","1","Color: Red; Size: 100cm","[99,36]"
"325","206","14246","New Style Long Sleeves Splicing Collision Dresss","FB325031","42.6200","55.4100","1","Color: White; Size: 110cm","[185,43]"
"332","206","2388","Exquisite Delicate Lace Flower Voile Tutu","PM360240","33.4400","0.0000","1","Color: Red; Size: 130cm","[99,57]"
"339","206","5281","Summer New Style Round Collar Sleeveless Embroidery Mid Dress","IY285819","29.9000","38.8700","1","Color: White; Size: 130cm","[185,57]"
"345","212","2388","Exquisite Delicate Lace Flower Voile Tutu","PM360240","33.4400","0.0000","1","Color: Blue; Size: 120cm","[164,50]"
"352","219","10788","Fashion Printing Red Belted Short Sleeve Mini Dress","KB337158","27.3000","35.4900","1","Color: Multi; Size: 150cm","[192,71]"
"359","219","10788","Fashion Printing Red Belted Short Sleeve Mini Dress","KB337158","27.3000","35.4900","1","Color: Multi; Size: 160cm","[192,78]"
"365","225","15786","New Style Sun-top Rainbow Voile Maxi Dress","YA385084","34.7500","45.1800","1","Color: Multi; Size: 150cm","[192,71]"
"372","225","16313","Exquisite Cartoon Printing Cotton T-shirt","WR371037","27.0500","35.1600","1","Color: Yellow; Size: 110cm","[122,43]"
"373","226","2572","Casual Long Sleeves Strip All-match Hoodies","60.00","28.6900","0.0000","1","Color: Black; Size: 110cm","[171,43]"
"380","233","1921","Classic Round Collar Long Sleeves Voile Full Dress","VN322138","68.8500","113.0000","1","Color: Purple; Size: 140cm","[94,64]"
"381","234","1921","Classic Round Collar Long Sleeves Voile Full Dress","VN322138","68.8500","113.0000","1","Color: Purple; Size: 140cm","[94,64]"
"387","240","1921","Classic Round Collar Long Sleeves Voile Full Dress","VN322138","68.8500","113.0000","1","Color: Purple; Size: 140cm","[94,64]"
"388","241","2227","Exquisite Lace Short Sleeves Voile Wedding Dress","AB360307","38.6900","0.0000","1","Color: Purple; Size: 120cm","[94,50]"
"393","246","1444","Exquisite Embroidery Petal Hem Sleeveless Tulle Trailing Long Dress","MV364497","38.0300","58.0000","1","Color: Blue; Size: 120cm","[164,50]"
"395","248","1444","Exquisite Embroidery Petal Hem Sleeveless Tulle Trailing Long Dress","MV364497","38.0300","58.0000","1","Color: Blue; Size: 120cm","[164,50]"
"400","253","1921","Classic Round Collar Long Sleeves Voile Full Dress","VN322138","68.8500","113.0000","1","Color: Purple; Size: 100cm","[94,36]"
"407","260","1921","Classic Round Collar Long Sleeves Voile Full Dress","VN322138","68.8500","113.0000","1","Color: Purple; Size: 100cm","[94,36]"
"408","261","2431","Sport Set Long Sleeve Hooded Zipper Stripe Jackets+Mini Skirts","EY347810","68.3600","113.2000","1","Color: Orange; Size: 90cm","[115,29]"
"409","262","1921","Classic Round Collar Long Sleeves Voile Full Dress","VN322138","68.8500","113.0000","1","Color: Purple; Size: 100cm","[94,36]"
"415","268","14506","Delicate Lace Round Collar Sleeveless Voile Full Dress","YE333847","44.5900","57.9700","1","Color: Pink; Size: 100cm","[106,36]"
"422","275","11012","Flower Embroidered Sleeveless Upscale Mini Dress","LP337094","28.0300","36.4400","1","Color: Blue; Size: 100cm","[164,36]"
"428","281","12323","Cute Bowknot Sleeveless Tulle Delicate Lace Dress","IB326923","22.6200","29.4100","10","Color: Purple; Size: 80cm","[94,22]"
"430","283","2438","Delicate Lace Flower Voile Fluffy Dress","WA360220","33.4400","0.0000","1","Color: Blue; Size: 110cm","[164,43]"
"436","289","17936","Three Colors Available Pure Color Waist Coat","DD298519","31.9200","41.5000","1","Color: DarkRed; Size: 120cm","[113,50]"
"443","296","185","Hollow Long Sleeve Exquisite Lace Bowknot Princess Dress","DJ313252","34.4300","34.4300","1","Color: Pink; Size: 110cm","[106,43]"
"449","302","323","Cute Bowknot Belted 3/4 Length Sleeve V-Neck Princess Dress","AO313548","29.5100","29.5100","1","Color: Red; Size: 100cm","[99,36]"
"451","304","1473","Stereoscopic Flower Sleeveless Elegant Trailing Long Dress","QZ364476","64.9200","99.0000","1","Color: Purple; Size: 110cm","[94,43]"
"456","309","10921","Exquisite Lace Half Sleeve Flower Belted Fulffy Elegant Long Dress","YK324437","55.5700","72.2400","1","Color: Purple; Size: 130cm","[94,57]"
"457","310","848","Girl's Cute Bow Round Collar Sleeveless Lace Bubble Party Dress","XY321606","27.0500","55.0000","1","Color: Blue; Size: 120cm","[""164"",""50""]"
"463","316","1711","Exquisite Bow Sleeveless Full Dress","HI360581","33.4400","51.0000","1","Color: Purple; Size: 130cm","[""94"",""57""]"
"464","317","848","Girl's Cute Bow Round Collar Sleeveless Lace Bubble Party Dress","XY321606","27.0500","55.0000","1","Color: Blue; Size: 110cm","[164,43]"
"471","324","2388","Exquisite Delicate Lace Flower Voile Tutu","PM360240","33.4400","0.0000","1","Color: Blue; Size: 120cm","[164,50]"
"478","324","2388","Exquisite Delicate Lace Flower Voile Tutu","PM360240","33.4400","0.0000","1","Color: Blue; Size: 130cm","[164,57]"
"484","330","1781","Exquisite Flower Sleeveless Voile Full Dress","HL360541","38.0300","58.0000","1","Color: Purple; Size: 130cm","[94,57]"
"485","331","1781","Exquisite Flower Sleeveless Voile Full Dress","HL360541","38.0300","58.0000","1","Color: Purple; Size: 130cm","[94,57]"
"491","337","10839","Fashion Exquisite Embroidered Sleeveless Upscale Mini Dress","BQ337105","28.0300","36.4400","1","Color: Red; Size: 100cm","[99,36]"
"498","337","14246","New Style Long Sleeves Splicing Collision Dresss","FB325031","42.6200","55.4100","1","Color: White; Size: 110cm","[185,43]"
"505","337","2388","Exquisite Delicate Lace Flower Voile Tutu","PM360240","33.4400","0.0000","2","Color: Red; Size: 130cm","[99,57]"
"512","337","5281","Summer New Style Round Collar Sleeveless Embroidery Mid Dress","IY285819","29.9000","38.8700","1","Color: White; Size: 130cm","[185,57]"
"514","339","323","Cute Bowknot Belted 3/4 Length Sleeve V-Neck Princess Dress","AO313548","29.5100","29.5100","1","Color: Red; Size: 110cm","[99,43]"
"521","346","10732","Cute Bowknot Flower Printing Sleeveless Princess Dress","CI337194","22.1300","28.7700","1","Color: Beige; Size: 100cm","[129,36]"
"526","351","1921","Classic Round Collar Long Sleeves Voile Full Dress","VN322138","68.8500","113.0000","1","Color: Purple; Size: 120cm","[94,50]"
"533","358","18153","Fashion Vintage Loose Blue Jeans","QB296960","29.8000","38.7400","1","Color: Blue; Size: 140cm","[164,64]"
"540","358","1921","Classic Round Collar Long Sleeves Voile Full Dress","VN322138","68.8500","113.0000","1","Color: Purple; Size: 110cm","[94,43]"
"542","360","14506","Delicate Lace Round Collar Sleeveless Voile Full Dress","YE333847","44.5900","57.9700","1","Color: Pink; Size: 100cm","[106,36]"
"548","366","185","Hollow Long Sleeve Exquisite Lace Bowknot Princess Dress","DJ313252","34.4300","34.4300","3","Color: Pink; Size: 110cm","[106,43]"
"554","372","11012","Flower Embroidered Sleeveless Upscale Mini Dress","LP337094","28.0300","36.4400","1","Color: Blue; Size: 120cm","[164,50]"
"561","372","17263","Cute Embroidery Elastic Waist  All-match Casual Jeans","LS355553","74.0200","96.2300","1","Color: Blue; Size: 120cm","[164,50]"
"568","372","8829","Exquisite Versatile Voile Mid Skirt","AR383718","24.5900","31.9700","1","Color: Pink; Size: 100cm","[106,36]"
"570","374","14506","Delicate Lace Round Collar Sleeveless Voile Full Dress","YE333847","44.5900","57.9700","3","Color: Pink; Size: 100cm","[106,36]"
"575","379","1247","Stereoscopic Petal Sleeveless  Tulle Mini Dress","CI337625","24.5900","24.5900","2","Color: Pink; Size: 90cm","[106,29]"
"582","386","1921","Classic Round Collar Long Sleeves Voile Full Dress","VN322138","68.8500","113.0000","1","Color: Purple; Size: 100cm","[94,36]"
"584","388","15773","Gray Round Neck Long Sleeves Slim Shirt","QL2896881","34.1000","44.3300","1","Color: Gray; Family Size: Children's 90cm","[157,225]"
"591","395","17333","Fashion Tie-dye Printing Short Sleeve Casual Shirts","GM352629","43.7700","56.9000","1","Color: Multi; Size: 110cm","[192,43]"
"596","400","10839","Fashion Exquisite Embroidered Sleeveless Upscale Mini Dress","BQ337105","28.0300","36.4400","4","Color: Red; Size: 100cm","[99,36]"
"598","402","14506","Delicate Lace Round Collar Sleeveless Voile Full Dress","YE333847","44.5900","57.9700","2","Color: Pink; Size: 100cm","[106,36]"
"604","408","185","Hollow Long Sleeve Exquisite Lace Bowknot Princess Dress","DJ313252","34.4300","34.4300","2","Color: Pink; Size: 110cm","[106,43]"
"611","415","185","Hollow Long Sleeve Exquisite Lace Bowknot Princess Dress","DJ313252","34.4300","34.4300","1","Color: Pink; Size: 130cm","[106,57]"
"612","416","1989","Exquisite Bow Delicate Lace Sleeveless Voile Dress","IP360418","33.4400","51.0000","1","Color: Red; Size: 100cm","[""99"",""36""]"
"619","423","10839","Fashion Exquisite Embroidered Sleeveless Upscale Mini Dress","BQ337105","28.0300","36.4400","1","Color: Red; Size: 160cm","[99,78]"
"626","423","185","Hollow Long Sleeve Exquisite Lace Bowknot Princess Dress","DJ313252","34.4300","34.4300","1","Color: Pink; Size: 110cm","[106,43]"
"633","423","323","Cute Bowknot Belted 3/4 Length Sleeve V-Neck Princess Dress","AO313548","29.5100","29.5100","1","Color: Red; Size: 150cm","[99,71]"
"640","430","13847","Fashion Sleeveless Petal Hem Tulle Princess Dress","ID323058","27.5400","35.8000","1","Color: Purple; Size: 110cm","[94,43]"
"647","430","15766","New Style Stereo Flower Belt Waisted Voile Dress","GQ385109","30.8200","40.0700","1","Color: Pink; Size: 100cm","[106,36]"
"654","437","1989","Exquisite Bow Delicate Lace Sleeveless Voile Dress","IP360418","33.4400","51.0000","1","Color: Red; Size: 120cm","[99,50]"
"661","444","10788","Exquisite 3D Printing Red Belted Short Sleeve Mini Dress","KB337158","27.3000","35.4900","1","Color: Multi; Size: 120cm","[192,50]"
"667","450","1989","Exquisite Bow Delicate Lace Sleeveless Voile Dress","IP360418","33.4400","51.0000","1","Color: Red; Size: 120cm","[99,50]"
"668","451","1921","Classic Round Collar Long Sleeves Voile Full Dress","VN322138","68.8500","113.0000","1","Color: Purple; Size: 100cm","[94,36]"
"674","457","16627","Ehnic Style Flower Printing Tulle Mini Skirt","MK309386","26.0700","33.8900","1","Color: Green; Size: 130cm","[150,57]"
"681","464","10692","Delicate Embroidered Beadings Round Collar Bowknot Mini Dress","JX337227","22.1300","28.7700","1","Color: White; Size: 110cm","[185,43]"
"682","465","185","Hollow Long Sleeve Exquisite Lace Bowknot Princess Dress","DJ313252","34.4300","34.4300","1","Color: Pink; Size: 120cm","[106,50]"
"689","472","16073","Exquisite Versatile Full Length Solid Color Jeans","KP371857","38.8500","50.5100","1","Color: Blue; Size: 110cm","[164,43]"
"696","472","16914","Long Sleeve Hooded All-match Stitching Zipper Winter Coats","CI380598","62.9500","81.8400","1","Color: Yellow; Size: 110cm","[122,43]"
"703","472","16914","Long Sleeve Hooded All-match Stitching Zipper Winter Coats","CI380598","62.9500","81.8400","1","Color: Yellow; Size: 120cm","[122,50]"
"710","472","17804","Fashion Short Style Hooded Leather Zipper Winter Coats","LP379146","57.7000","75.0100","1","Color: Yellow; Size: 120cm","[122,50]"
"717","472","18371","Stand Collar Camouflage PU Leather Jackets","IL350390","78.2000","101.6600","1","Color: Green; Size: 110cm","[150,43]"
"724","472","18742","Blue Checked Vest&Long Sleeves Shirts&Full Length Pants&Cravat","QC378240","78.2000","101.6600","1","Color: Blue; Size: 110cm","[164,43]"
"729","477","10788","Exquisite 3D Printing Red Belted Short Sleeve Mini Dress","KB337158","27.3000","35.4900","1","Color: Multi; Size: 130cm","[192,57]"
"736","477","185","Hollow Long Sleeve Exquisite Lace Bowknot Princess Dress","DJ313252","34.4300","34.4300","1","Color: Pink; Size: 130cm","[106,57]"
"743","477","323","Cute Bowknot Belted 3/4 Length Sleeve V-Neck Princess Dress","AO313548","29.5100","29.5100","1","Color: Red; Size: 130cm","[""99"",""57""]"
"750","484","1781","Exquisite Flower Sleeveless Voile Full Dress","HL360541","38.0300","58.0000","1","Color: Purple; Size: 130cm","[""94"",""57""]"
"751","485","1781","Exquisite Flower Sleeveless Voile Full Dress","HL360541","38.0300","58.0000","1","Color: Purple; Size: 130cm","[94,57]"
"752","486","18335","Casual Turn-down Collar Contrast Trench Coat","SE350410","83.1100","108.0400","1","Color: Green; Size: 120cm","[150,50]"
"757","491","10788","Exquisite 3D Printing Red Belted Short Sleeve Mini Dress","KB337158","27.3000","35.4900","1","Color: Multi; Size: 160cm","[192,78]"
"764","491","323","Cute Bowknot Belted 3/4 Length Sleeve V-Neck Princess Dress","AO313548","29.5100","29.5100","1","Color: Red; Size: 150cm","[99,71]"
"766","493","10732","Cute Bowknot Flower Printing Sleeveless Princess Dress","CI337194","22.1300","28.7700","1","Color: Beige; Size: 130cm","[129,57]"
"773","500","10692","Delicate Embroidered Beadings Round Collar Bowknot Mini Dress","JX337227","22.1300","28.7700","1","Color: White; Size: 130cm","[185,57]"
"778","505","10692","Delicate Embroidered Beadings Round Collar Bowknot Mini Dress","JX337227","22.1300","28.7700","1","Color: White; Size: 130cm","[185,57]"
"785","512","1592","Girl's Round Collar Long Sleeves Lace Voile Mini Dress","FJ318989","22.9500","32.9500","1","Color: White; Size: 100cm","[185,36]"
"792","519","10095","A-Line Embroidery Midi Dress","UE290805","33.4400","43.4700","1","Color: Red; Size: 130cm","[99,57]"
"799","519","10951","Girl's Summer Tassel Lace Mini Skirt","HK286742","32.1300","41.7700","1","Color: Yellow; Size: 120cm","[122,50]"
"806","519","16003","Fashion Printing Sleeveless Round Collar Mini Dress","TC308346","51.8000","67.3400","1","Color: Red; Size: 140cm","[99,64]"
"813","519","1745","Delicate Lace Sleeveless Voile Full Dress","HJ360564","30.3300","37.0000","1","Color: Blue; Size: 130cm","[164,57]"
"820","519","8408","Fashion Round Collar Short Sleeveless Printing Mini Dress","WG336066","24.5900","31.9700","1","Color: Multi; Size: 130cm","[192,57]"
"821","520","18810","Pure Cotton Strip Thickened Baby's Rompers","GGS7090021","45.9000","59.6700","1","Color: Red; Size: 80cm","[99,22]"
"827","526","11566","Romantic Stereoscopic Flower Belted Sleeveless Tulle Mini Dress","GS318678","38.6900","50.3000","1","Color: Purple; Size: 130cm","[94,57]"
"834","533","11566","Romantic Stereoscopic Flower Belted Sleeveless Tulle Mini Dress","GS318678","38.6900","50.3000","1","Color: Purple; Size: 130cm","[94,57]"
"836","535","1781","Exquisite Flower Sleeveless Voile Full Dress","HL360541","38.0300","58.0000","1","Color: Purple; Size: 130cm","[94,57]"
"843","542","1989","Exquisite Bow Delicate Lace Sleeveless Voile Dress","IP360418","33.4400","51.0000","1","Color: Red; Size: 100cm","[99,36]"
"848","547","1921","Classic Round Collar Long Sleeves Voile Full Dress","VN322138","68.8500","113.0000","1","Color: Purple; Size: 100cm","[94,36]"
"849","548","185","Hollow Long Sleeve Exquisite Lace Bowknot Princess Dress","DJ313252","34.4300","34.4300","1","Color: Pink; Size: 110cm","[106,43]"
"856","555","12470","Cute Bowknot Printing Sleeveless Elegant Dress","IQ326871","26.8900","34.9600","1","Color: Blue; Size: 130cm","[164,57]"
"863","555","12708","Round Collar Long Sleeves Bow Mid-Calf Dresses","MT315624","48.5200","63.0800","2","Color: Black; Size: 150cm","[171,71]"
"870","555","13217","Upscale Jacquard Beadings Collar Tulle Layered Fluffy Dress","GC324787","36.3900","47.3100","1","Color: Beige; Size: 120cm","[129,50]"
"877","555","13728","Round Collar Solid Color Long Sleeves Lace Dress","HA326029","49.1800","63.9300","1","Color: Pink; Size: 120cm","[106,50]"
"884","555","13834","Cute Bowknot Sleeveless Tulle Fluffy Dress","PG324642","27.5400","35.8000","1","Color: Red; Size: 120cm","[""99"",""50""]"
"891","555","14066","New Style Solid Color Flower Voile Dress","KR325554","42.6200","55.4100","1","Color: Pink; Size: 140cm","[106,64]"
"898","555","18854","Black Suits&Blue Shirts&Black Vest&Strip Tie&Black Pants","MS377288","95.9000","124.6700","1","Color: Blue; Size: 120cm","[164,50]"
"899","556","1458","Beadings Collar Sleeveless Exquisite Lace Fluffy Dress","AF364483","31.4800","48.0000","1","Color: Pink; Size: 100cm","[106,36]"
"905","562","14302","Lace Round Collar Long Sleeve Retro Elegant Dress","BA371792","53.6100","69.6900","1","Color: DarkRed; Size: 150cm","[113,71]"
"906","563","1921","Classic Round Collar Long Sleeves Voile Full Dress","VN322138","68.8500","113.0000","1","Color: Purple; Size: 100cm","[94,36]"
"911","568","1458","Beadings Collar Sleeveless Exquisite Lace Fluffy Dress","AF364483","31.4800","48.0000","1","Color: Pink; Size: 100cm","[106,36]"
"918","575","323","Cute Bowknot Belted 3/4 Length Sleeve V-Neck Princess Dress","AO313548","29.5100","29.5100","1","Color: Red; Size: 100cm","[99,36]"
"925","582","1921","Classic Round Collar Long Sleeves Voile Full Dress","VN322138","68.8500","113.0000","1","Color: Purple; Size: 100cm","[94,36]"
"932","589","12314","Stereoscopic Flower Sleeveless Round Collar Elegant Dress","OP326948","38.6900","50.3000","1","Color: Purple; Size: 130cm","[""94"",""57""]"
"939","596","14302","Lace Round Collar Long Sleeve Retro Elegant Dress","BA371792","53.6100","69.6900","2","Color: DarkRed; Size: 150cm","[113,71]"
"946","596","17445","Solid Color All-match Elastic Waist Pleated Skirts","VV354783","38.8500","50.5100","1","Color: White; Size: 110cm","[185,43]"
"953","596","18777","Beading Flowers Long Sleeve Lace Tulle Princess Dress","GDR7090016","62.3000","80.9900","1","Color: Blue; Size: 110cm","[164,43]"
"960","596","19078","Thick Cashmere Santa Claus Printing Jumpsuits","GGS7090054","45.9000","59.6700","1","Color: Blue; Size: 70cm","[164,15]"
"967","596","323","Cute Bowknot Belted 3/4 Length Sleeve V-Neck Princess Dress","AO313548","29.5100","29.5100","1","Color: Red; Size: 100cm","[99,36]"
"974","603","11566","Romantic Stereoscopic Flower Belted Sleeveless Tulle Mini Dress","GS318678","38.6900","50.3000","1","Color: Purple; Size: 110cm","[94,43]"
"981","603","14506","Delicate Lace Round Collar Sleeveless Voile Full Dress","YE333847","44.5900","57.9700","1","Color: Pink; Size: 100cm","[106,36]"
"988","603","1458","Beadings Collar Sleeveless Exquisite Lace Fluffy Dress","AF364483","31.4800","48.0000","1","Color: Blue; Size: 100cm","[164,36]"
"995","603","17445","Solid Color All-match Elastic Waist Pleated Skirts","VV354783","38.8500","50.5100","1","Color: White; Size: 120cm","[185,50]"
"1002","603","185","Hollow Long Sleeve Exquisite Lace Bowknot Princess Dress","DJ313252","34.4300","34.4300","1","Color: Pink; Size: 110cm","[106,43]"
"1003","604","14302","Lace Round Collar Long Sleeve Retro Elegant Dress","BA371792","53.6100","69.6900","2","Color: DarkRed; Size: 150cm","[113,71]"
"1010","604","3167","Delicate Lace Tulle Long Sleeve Fluffy Dress","HC357484","145.5700","189.2400","1","Color: Pink; Size: 100cm","[106,36]"
"1017","604","3300","Exquisite Butterfly Long Sleeve Tulle Fluffy Mini Dress","AH357421","142.1300","184.7700","1","Color: Blue; Size: 120cm","[164,50]"
"1023","610","10529","Fashion Square Collar Waist Tight  Long Sleeve Khaki Trench Coat","AF303989","32.7900","42.6300","1","Color: Khaki; Size: 110cm","[136,43]"
"1030","610","185","Hollow Long Sleeve Exquisite Lace Bowknot Princess Dress","DJ313252","34.4300","34.4300","1","Color: Pink; Size: 110cm","[106,43]"
"1037","610","18790","Stylish Sequins Bowknot Sleeveless Tulle Fluffy Mini Dress","GDR7090018","38.6900","50.3000","1","Color: Blue; Size: 90cm","[164,29]"
"1044","610","19531","Solid Color Stitch Cotton Full Length Pants","BBB7090109","48.0000","62.4000","1","Color: Blue; Size: 120cm","[164,50]"
"1051","617","1781","Exquisite Flower Sleeveless Voile Full Dress","HL360541","38.0300","58.0000","1","Color: Purple; Size: 110cm","[94,43]"
"1058","624","185","Hollow Long Sleeve Exquisite Lace Bowknot Princess Dress","DJ313252","34.4300","34.4300","1","Color: Pink; Size: 140cm","[""106"",""64""]"
"1065","624","1989","Exquisite Bow Delicate Lace Sleeveless Voile Dress","IP360418","33.4400","51.0000","1","Color: Red; Size: 150cm","[99,71]"
"1067","626","10788","Exquisite 3D Printing Red Belted Short Sleeve Mini Dress","KB337158","27.3000","35.4900","1","Color: Multi; Size: 130cm","[192,57]"
"1074","626","185","Hollow Long Sleeve Exquisite Lace Bowknot Princess Dress","DJ313252","34.4300","34.4300","1","Color: Pink; Size: 130cm","[106,57]"
"1081","626","323","Cute Bowknot Belted 3/4 Length Sleeve V-Neck Princess Dress","AO313548","29.5100","29.5100","1","Color: Red; Size: 130cm","[99,57]"
"1088","633","1458","Beadings Collar Sleeveless Exquisite Lace Fluffy Dress","AF364483","31.4800","48.0000","1","Color: Blue; Size: 110cm","[164,43]"
"1094","639","10368","Solid Color Hollow Out Lace Applique Mid Length Dress","SA323623","59.9500","77.9400","1","Color: White; Size: 90cm","[185,29]"
"1101","646","10368","Solid Color Hollow Out Lace Applique Mid Length Dress","SA323623","59.9500","77.9400","1","Color: White; Size: 120cm","[185,50]"
"1108","646","12015","Fashion Set Long Sleeve Simple Shirt+Tie+Stylish Jacket+Straight Pants","OL321183","59.5100","77.3600","1","Color: Blue; Size: 120cm","[164,50]"
"1115","646","12323","Cute Bowknot Sleeveless Tulle Delicate Lace Dress","IB326923","22.6200","29.4100","1","Color: Pink; Size: 120cm","[106,50]"
"1122","646","12330","Boy's Set Long Sleevel Simple Shirt+Fashion Pant+Tie","KM321030","39.3400","51.1400","1","Color: Multi; Size: 120cm","[192,50]"
"1123","647","1802","Exquisite Flower Sleeveless Voile Full Dress","QW360532","38.0300","58.0000","1","Color: RoseRed; Size: 130cm","[213,57]"
"1129","653","10368","Solid Color Hollow Out Lace Applique Mid Length Dress","SA323623","59.9500","77.9400","1","Color: White; Size: 90cm","[185,29]"
"1135","659","19707","Solid Color All-match Fashion Jackets","BBC7090145","63.8900","83.0600","1","Color: Yellow; Size: 120cm","[122,50]"
"1136","660","10368","Solid Color Hollow Out Lace Applique Mid Length Dress","SA323623","59.9500","77.9400","1","Color: White; Size: 90cm","[185,29]"
"1143","660","14302","Lace Round Collar Long Sleeve Retro Elegant Dress","BA371792","53.6100","69.6900","1","Color: DarkRed; Size: 150cm","[113,71]"
"1150","667","10368","Solid Color Hollow Out Lace Applique Mid Length Dress","SA323623","59.9500","77.9400","1","Color: White; Size: 90cm","[185,29]"
"1157","674","1458","Beadings Collar Sleeveless Exquisite Lace Fluffy Dress","AF364483","31.4800","48.0000","1","Color: Blue; Size: 100cm","[164,36]"
"1158","675","1458","Beadings Collar Sleeveless Exquisite Lace Fluffy Dress","AF364483","31.4800","48.0000","1","Color: Blue; Size: 100cm","[164,36]"
"1164","681","1458","Beadings Collar Sleeveless Exquisite Lace Fluffy Dress","AF364483","31.4800","48.0000","1","Color: Blue; Size: 100cm","[164,36]"
"1165","682","1458","Beadings Collar Sleeveless Exquisite Lace Fluffy Dress","AF364483","31.4800","48.0000","1","Color: Blue; Size: 100cm","[164,36]"
"1172","689","10368","Solid Color Hollow Out Lace Applique Mid Length Dress","SA323623","59.9500","77.9400","1","Color: White; Size: 100cm","[185,36]"
"1177","694","10368","Solid Color Hollow Out Lace Applique Mid Length Dress","SA323623","59.9500","77.9400","2","Color: White; Size: 90cm","[185,29]"
"1184","694","14302","Lace Round Collar Long Sleeve Retro Elegant Dress","BA371792","53.6100","69.6900","2","Color: DarkRed; Size: 150cm","[113,71]"
"1185","695","1878","Cute Bow Sleeveless Lace Wedding Dress","PZ360498","33.4400","51.0000","1","Color: Purple; Size: 120cm","[94,50]"
"1191","701","10529","Fashion Square Collar Waist Tight  Long Sleeve Khaki Trench Coat","AF303989","32.7900","42.6300","1","Color: Khaki; Size: 110cm","[136,43]"
"1193","703","19799","Sequined Embroidery Soild Color T-Shirt","GGT7090165","34.4300","44.7600","1","Color: Beige; Size: 100cm","[129,36]"
"1199","709","1458","Beadings Collar Sleeveless Exquisite Lace Fluffy Dress","AF364483","31.4800","48.0000","1","Color: Blue; Size: 100cm","[164,36]"
"1200","710","1878","Cute Bow Sleeveless Lace Wedding Dress","PZ360498","33.4400","51.0000","1","Color: Purple; Size: 100cm","[""94"",""36""]"
"1205","715","15100","Stereo Petal Decorated Sun-top Fluffy Maxi Dress","RW385574","36.0700","46.8900","1","Color: RoseRed; Size: 110cm","[213,43]"
"1212","722","1774","Girl's New Style Round Collar Sleeveless Delicate Lace Midi Dress","ES322312","29.5100","126.0000","1","Color: Pink; Size: 110cm","[106,43]"
"1219","729","12323","Cute Bowknot Sleeveless Tulle Delicate Lace Dress","IB326923","22.6200","29.4100","1","Color: Pink; Size: 130cm","[""106"",""57""]"
"1226","729","323","Cute Bowknot Belted 3/4 Length Sleeve V-Neck Princess Dress","AO313548","29.5100","29.5100","1","Color: Red; Size: 130cm","[99,57]"
"1227","730","185","Hollow Long Sleeve Exquisite Lace Bowknot Princess Dress","DJ313252","34.4300","34.4300","1","Color: Pink; Size: 140cm","[106,64]"
"1228","731","185","Hollow Long Sleeve Exquisite Lace Bowknot Princess Dress","DJ313252","34.4300","34.4300","1","Color: Pink; Size: 120cm","[106,50]"
"1234","737","12323","Cute Bowknot Sleeveless Tulle Delicate Lace Dress","IB326923","22.6200","29.4100","3","Color: Red; Size: 90cm","[""99"",""29""]"
"1235","738","323","Cute Bowknot Belted 3/4 Length Sleeve V-Neck Princess Dress","AO313548","29.5100","29.5100","1","Color: Red; Size: 120cm","[99,50]"
"1240","743","323","Cute Bowknot Belted 3/4 Length Sleeve V-Neck Princess Dress","AO313548","29.5100","29.5100","1","Color: Red; Size: 120cm","[99,50]"
"1242","745","12323","Cute Bowknot Sleeveless Tulle Delicate Lace Dress","IB326923","22.6200","29.4100","1","Color: Red; Size: 120cm","[""99"",""50""]"
"1247","750","1878","Cute Bow Sleeveless Lace Wedding Dress","PZ360498","33.4400","51.0000","1","Color: Purple; Size: 100cm","[94,36]"
"1249","752","1458","Beadings Collar Sleeveless Exquisite Lace Fluffy Dress","AF364483","31.4800","48.0000","1","Color: Blue; Size: 130cm","[164,57]"
"1255","758","1473","Stereoscopic Flower Sleeveless Elegant Trailing Long Dress","QZ364476","64.9200","99.0000","1","Color: Purple; Size: 110cm","[94,43]"
"1262","765","11019","Flower Printing Red Belted Sleeveless Mini Dress","MS286803","29.5100","38.3600","1","Color: White; Size: 130cm","[185,57]"
"1269","772","2123","High Quality Delicate Bow Lace Wedding Dress","WW360345","44.5900","0.0000","1","Color: Pink; Size: 120cm","[106,50]"
"1270","773","12323","Cute Bowknot Sleeveless Tulle Delicate Lace Dress","IB326923","22.6200","29.4100","1","Color: Pink; Size: 90cm","[106,29]"
"1277","780","1437","Exquisite Bow Round Collar Sleeveless Lace Mesh Full Dress","BC322731","31.1500","85.3000","1","Color: White; Size: 100cm","[185,36]"
"1284","780","18790","Stylish Sequins Bowknot Sleeveless Tulle Fluffy Mini Dress","GDR7090018","38.6900","50.3000","1","Color: Blue; Size: 120cm","[""164"",""50""]"
"1289","785","1458","Beadings Collar Sleeveless Exquisite Lace Fluffy Dress","AF364483","31.4800","48.0000","2","Color: Blue; Size: 100cm","[164,36]"
"1290","786","10529","Fashion Square Collar Waist Tight  Long Sleeve Khaki Trench Coat","AF303989","32.7900","42.6300","1","Color: Khaki; Size: 110cm","[136,43]"
"1297","786","19729","Simple Windproof Hooded Zipper Winter Coats","BBC7090153","29.9200","38.9000","1","Color: Blue; Size: 110cm","[164,43]"
"1303","792","10368","Solid Color Hollow Out Lace Applique Mid Length Dress","SA323623","59.9500","77.9400","1","Color: White; Size: 90cm","[185,29]"
"1310","792","185","Hollow Long Sleeve Exquisite Lace Bowknot Princess Dress","DJ313252","34.4300","34.4300","1","Color: Pink; Size: 110cm","[106,43]"
"1311","793","1458","Beadings Collar Sleeveless Exquisite Lace Fluffy Dress","AF364483","31.4800","48.0000","1","Color: Blue; Size: 100cm","[164,36]"
"1317","799","11012","Flower Embroidered Sleeveless Upscale Mini Dress","LP337094","28.0300","36.4400","2","Color: Blue; Size: 100cm","[164,36]"
"1324","806","18790","Stylish Sequins Bowknot Sleeveless Tulle Fluffy Mini Dress","GDR7090018","38.6900","50.3000","1","Color: Blue; Size: 90cm","[164,29]"
"1331","813","1458","Beadings Collar Sleeveless Exquisite Lace Fluffy Dress","AF364483","31.4800","48.0000","2","Color: Blue; Size: 100cm","[164,36]"
"1338","813","7142","Cartoon Round Collar Sleeveless Printing Mini Dress","RO336717","27.8700","36.2300","1","Color: Pink; Size: 100cm","[106,36]"
"1340","815","18790","Stylish Sequins Bowknot Sleeveless Tulle Fluffy Mini Dress","GDR7090018","38.6900","50.3000","1","Color: Blue; Size: 90cm","[164,29]"
"1346","821","13603","Lovely Printing Sleeveless Round Collar Comfy Dress","LQ356718","19.9000","25.8700","1","Color: Blue; Size: 90cm","[164,29]"
"1347","822","1458","Beadings Collar Sleeveless Exquisite Lace Fluffy Dress","AF364483","31.4800","48.0000","1","Color: Blue; Size: 100cm","[164,36]"
"1354","829","19729","Simple Windproof Hooded Zipper Winter Coats","BBC7090153","29.9200","38.9000","1","Color: Blue; Size: 110cm","[164,43]"
"1359","834","1458","Beadings Collar Sleeveless Exquisite Lace Fluffy Dress","AF364483","31.4800","48.0000","1","Color: Blue; Size: 100cm","[164,36]"
"1366","841","1458","Beadings Collar Sleeveless Exquisite Lace Fluffy Dress","AF364483","31.4800","48.0000","1","Color: Blue; Size: 100cm","[164,36]"
"1373","841","185","Hollow Long Sleeve Exquisite Lace Bowknot Princess Dress","DJ313252","34.4300","34.4300","1","Color: Pink; Size: 110cm","[106,43]"
"1375","843","1458","Beadings Collar Sleeveless Exquisite Lace Fluffy Dress","AF364483","31.4800","48.0000","1","Color: Blue; Size: 100cm","[164,36]"
"1382","850","1458","Beadings Collar Sleeveless Exquisite Lace Fluffy Dress","AF364483","31.4800","48.0000","1","Color: Purple; Size: 100cm","[94,36]"
"1389","850","18790","Stylish Sequins Bowknot Sleeveless Tulle Fluffy Mini Dress","GDR7090018","38.6900","50.3000","1","Color: Blue; Size: 90cm","[164,29]"
"1396","857","19729","Simple Windproof Hooded Zipper Winter Coats","BBC7090153","29.9200","38.9000","1","Color: Blue; Size: 110cm","[164,43]"
"1403","857","19757","Chic Solid Color Turtleneck Long Sleeves Tshirt","GGT7090158","19.9000","25.8700","1","Color: Green; Size: 90cm","[150,29]"
"1409","863","10529","Fashion Square Collar Waist Tight  Long Sleeve Khaki Trench Coat","AF303989","32.7900","42.6300","1","Color: Khaki; Size: 110cm","[136,43]"
"1416","870","19729","Simple Windproof Hooded Zipper Winter Coats","BBC7090153","29.9200","38.9000","2","Color: Blue; Size: 110cm","[164,43]"
"1423","877","185","Hollow Long Sleeve Exquisite Lace Bowknot Princess Dress","DJ313252","34.4300","34.4300","1","Color: Pink; Size: 110cm","[106,43]"
"1424","878","12323","Cute Bowknot Sleeveless Tulle Delicate Lace Dress","IB326923","22.6200","29.4100","1","Color: Purple; Size: 130cm","[94,57]"
"1431","878","1781","Exquisite Flower Sleeveless Voile Full Dress","HL360541","38.0300","58.0000","1","Color: Purple; Size: 100cm","[94,36]"
"1438","878","2388","Exquisite Delicate Lace Flower Voile Tutu","PM360240","33.4400","0.0000","1","Color: Blue; Size: 120cm","[164,50]"
"1444","884","1458","Beadings Collar Sleeveless Exquisite Lace Fluffy Dress","AF364483","31.4800","48.0000","1","Color: Blue; Size: 100cm","[164,36]"
"1450","890","1422","Exquisite Embroidery  Sleeveless Elegant Trailing Long Dress","OJ364501","38.0300","58.0000","1","Color: Purple; Size: 140cm","[94,64]"
"1457","897","1458","Beadings Collar Sleeveless Exquisite Lace Fluffy Dress","AF364483","31.4800","48.0000","1","Color: Blue; Size: 130cm","[164,57]"
"1459","899","10368","Solid Color Hollow Out Lace Applique Mid Length Dress","SA323623","59.9500","77.9400","1","Color: White; Size: 110cm","[185,43]"
"1464","904","2123","High Quality Delicate Bow Lace Wedding Dress","WW360345","44.5900","0.0000","1","Color: Pink; Size: 130cm","[106,57]"
"1465","905","11012","Flower Embroidered Sleeveless Upscale Mini Dress","LP337094","28.0300","36.4400","1","Color: Blue; Size: 110cm","[164,43]"
"1472","905","323","Cute Bowknot Belted 3/4 Length Sleeve V-Neck Princess Dress","AO313548","29.5100","29.5100","1","Color: Red; Size: 110cm","[99,43]"
"1478","911","10368","Solid Color Hollow Out Lace Applique Mid Length Dress","SA323623","59.9500","77.9400","1","Color: White; Size: 90cm","[185,29]"
"1479","912","1458","Beadings Collar Sleeveless Exquisite Lace Fluffy Dress","AF364483","31.4800","48.0000","1","Color: Blue; Size: 100cm","[164,36]"
"1480","913","18119","Letter Embroidered Rear Pockets Mini Skirts","OJ353414","58.5200","76.0800","1","Color: Yellow; Size: 90cm","[122,29]"
"1485","918","2123","High Quality Delicate Bow Lace Wedding Dress","WW360345","44.5900","0.0000","1","Color: Pink; Size: 130cm","[106,57]"
"1492","925","185","Hollow Long Sleeve Exquisite Lace Bowknot Princess Dress","DJ313252","34.4300","34.4300","1","Color: Pink; Size: 130cm","[106,57]"
"1499","932","185","Hollow Long Sleeve Exquisite Lace Bowknot Princess Dress","DJ313252","34.4300","34.4300","1","Color: Pink; Size: 130cm","[106,57]"
"1501","934","10788","Exquisite 3D Printing Red Belted Short Sleeve Mini Dress","KB337158","27.3000","35.4900","1","Color: Multi; Size: 120cm","[192,50]"
"1508","941","1802","Exquisite Flower Sleeveless Voile Full Dress","QW360532","38.0300","58.0000","1","Color: RoseRed; Size: 130cm","[213,57]"
"1514","947","10368","Solid Color Hollow Out Lace Applique Mid Length Dress","SA323623","59.9500","77.9400","1","Color: White; Size: 130cm","[185,57]"
"1520","953","2227","Exquisite Lace Short Sleeves Voile Wedding Dress","AB360307","38.6900","0.0000","1","Color: Purple; Size: 160cm","[94,78]"
"1521","954","1458","Beadings Collar Sleeveless Exquisite Lace Fluffy Dress","AF364483","31.4800","48.0000","1","Color: Blue; Size: 140cm","[164,64]"
"1522","955","1422","Exquisite Embroidery  Sleeveless Elegant Trailing Long Dress","OJ364501","38.0300","58.0000","1","Color: Purple; Size: 160cm","[94,78]"
"1527","960","14190","Cute Round Collar Sleeveless Solid Color Mini Dress","IP325147","36.0700","46.8900","1","Color: Red; Size: 150cm","[99,71]"
"1528","961","2123","High Quality Delicate Bow Lace Wedding Dress","WW360345","44.5900","0.0000","1","Color: Pink; Size: 130cm","[106,57]"
"1534","967","185","Hollow Long Sleeve Exquisite Lace Bowknot Princess Dress","DJ313252","34.4300","34.4300","1","Color: Pink; Size: 130cm","[106,57]"
"1541","974","2767","Fairy Style Handmade Flower Tulle Exquisite Long Dress","TO357744","195.7400","254.4600","1","Color: Pink; Size: 150cm","[106,71]"
"1542","975","1711","Exquisite Bow Sleeveless Full Dress","HI360581","33.4400","51.0000","1","Color: Purple; Size: 110cm","[94,43]"
"1549","975","1989","Exquisite Bow Delicate Lace Sleeveless Voile Dress","IP360418","33.4400","51.0000","1","Color: Red; Size: 100cm","[99,36]"
"1556","982","2388","Exquisite Delicate Lace Flower Voile Tutu","PM360240","33.4400","0.0000","1","Color: Blue; Size: 150cm","[164,71]"
"1563","989","18742","Blue Checked Vest&Long Sleeves Shirts&Full Length Pants&Cravat","QC378240","78.2000","101.6600","1","Color: Blue; Size: 120cm","[164,50]"
"1570","989","4398","Classic Turn-down Collar Coat+ Waistcoat + Full Length Pants + Bowtie","YU358946","146.5600","190.5300","1","Color: Blue; Size: 110cm","[164,43]"
"1576","995","18845","Checked Suits&White Shirts&Checked Vest&Checked Pants&Cravat","PW377305","107.2100","139.3700","1","Color: Gray; Size: 120cm","[157,50]"
"1583","995","3537","Fashion Turn-down Collar Shirt + Knee-Length Strip Pants","YP357878","62.9500","81.8400","1","Color: Black+White; Size: 100cm","[178,36]"
"1584","996","2607","Square Collar Sleeveless Tulle Flower Full Dress","JQ357253","146.5600","0.0000","2","Color: Pink; Size: 100cm","[106,36]"
"1591","996","955","Exquisite Lace Round Collar Sleeveless  Voile Bubble Dress","IP321387","51.6400","105.0000","1","Color: Purple; Size: 100cm","[94,36]"
"1598","1003","323","Cute Bowknot Belted 3/4 Length Sleeve V-Neck Princess Dress","AO313548","29.5100","29.5100","1","Color: Red; Size: 150cm","[99,71]"
"1604","1009","2409","Fashion Delicate Lace Flower Voile Full Dress","VN360235","33.4400","0.0000","1","Color: Purple; Size: 110cm","[94,43]"
"1611","1009","2409","Fashion Delicate Lace Flower Voile Full Dress","VN360235","33.4400","0.0000","1","Color: Purple; Size: 160cm","[94,78]"
"1613","1011","2409","Fashion Delicate Lace Flower Voile Full Dress","VN360235","33.4400","0.0000","1","Color: Purple; Size: 110cm","[94,43]"
"1620","1011","2409","Fashion Delicate Lace Flower Voile Full Dress","VN360235","33.4400","0.0000","1","Color: Purple; Size: 160cm","[94,78]"
"1626","1017","2409","Fashion Delicate Lace Flower Voile Full Dress","VN360235","33.4400","0.0000","1","Color: Purple; Size: 110cm","[94,43]"
"1633","1017","2409","Fashion Delicate Lace Flower Voile Full Dress","VN360235","33.4400","0.0000","1","Color: Purple; Size: 160cm","[94,78]"
"1639","1023","20483","Fake Two Pieces Organza Stitching Knitted Dress","GGT7090308","39.9500","51.9400","1","Color: Red; Size: 110cm","[99,43]"
"1646","1030","1473","Stereoscopic Flower Sleeveless Elegant Trailing Long Dress","QZ364476","64.9200","99.0000","1","Color: Purple; Size: 110cm","[94,43]"
"1653","1037","12526","Exquisite Printing Round Collar Retro Dress","HZ326868","26.8900","34.9600","1","Color: Multi; Size: 110cm","[""192"",""43""]"
"1660","1037","14164","New Style Long Sleeves Solid Color Mini Dress","AC325207","41.3100","53.7000","1","Color: Red; Size: 110cm","[99,43]"
"1667","1037","185","Hollow Long Sleeve Exquisite Lace Bowknot Princess Dress","DJ313252","34.4300","34.4300","1","Color: Pink; Size: 110cm","[106,43]"
"1668","1038","10788","Exquisite 3D Printing Red Belted Short Sleeve Mini Dress","KB337158","27.3000","35.4900","1","Color: Multi; Size: 140cm","[192,64]"
"1669","1039","577","Cute Bowknot Belted Delicate Lace Sleeveless Upscale Dress","IX313801","49.1800","49.1800","1","Color: Pink; Size: 100cm","[106,36]"
"1675","1045","12323","Cute Bowknot Sleeveless Tulle Delicate Lace Dress","IB326923","22.6200","29.4100","1","Color: Purple; Size: 140cm","[94,64]"
"1682","1052","10739","Printing Sleeveless Round Collar Mini Dress","SC337182","28.0300","36.4400","1","Color: Multi; Size: 160cm","[192,78]"
"1689","1052","10839","Fashion Exquisite Embroidered Sleeveless Upscale Mini Dress","BQ337105","28.0300","36.4400","1","Color: Red; Size: 160cm","[99,78]"
"1696","1052","18777","Beading Flowers Long Sleeve Lace Tulle Princess Dress","GDR7090016","62.3000","80.9900","1","Color: Blue; Size: 160cm","[164,78]"
"1703","1052","848","Girl's Cute Bow Round Collar Sleeveless Lace Bubble Party Dress","XY321606","27.0500","55.0000","1","Color: Blue; Size: 160cm","[164,78]"
"1709","1058","12252","Fashion Sequins Embroidered Bowknot Layered Fluffy Dress","US326982","33.4400","43.4700","1","Color: Blue; Size: 110cm","[164,43]"
"1716","1058","14136","Girl's Fashion Round Collar Long Sleeves Dress","FE325261","38.6900","50.3000","1","Color: Pink; Size: 110cm","[106,43]"
"1717","1059","4440","Classic Fashion Round Collar Sleeveless Full Dress","WK358881","121.9700","158.5600","1","Color: Pink; Size: 140cm","[106,64]"
"1724","1066","10788","Exquisite 3D Printing Red Belted Short Sleeve Mini Dress","KB337158","27.3000","35.4900","1","Color: Multi; Size: 140cm","[192,64]"
"1731","1073","14190","Cute Round Collar Sleeveless Solid Color Mini Dress","IP325147","36.0700","46.8900","1","Color: Red; Size: 150cm","[99,71]"
"1732","1074","1458","Beadings Collar Sleeveless Exquisite Lace Fluffy Dress","AF364483","31.4800","48.0000","1","Color: Blue; Size: 150cm","[164,71]"
"1739","1074","20478","Fake Two Pieces Comfy Stitching Knitted Dress","GGT7090307","39.9500","51.9400","2","Color: Red; Size: 150cm","[99,71]"
"1746","1074","20483","Fake Two Pieces Organza Stitching Knitted Dress","GGT7090308","39.9500","51.9400","1","Color: Gray; Size: 140cm","[157,64]"
"1753","1081","323","Cute Bowknot Belted 3/4 Length Sleeve V-Neck Princess Dress","AO313548","29.5100","29.5100","1","Color: Red; Size: 140cm","[99,64]"
"1759","1087","1458","Beadings Collar Sleeveless Exquisite Lace Fluffy Dress","AF364483","31.4800","48.0000","2","Color: Blue; Size: 150cm","[""164"",""71""]"
"1766","1087","20478","Fake Two Pieces Comfy Stitching Knitted Dress","GGT7090307","39.9500","51.9400","1","Color: Red; Size: 150cm","[""99"",""71""]"
"1772","1093","10788","Exquisite 3D Printing Red Belted Short Sleeve Mini Dress","KB337158","27.3000","35.4900","1","Color: Multi; Size: 120cm","[""192"",""50""]"
"1779","1093","19944","Flower Printing Short Sleeve Fluffy Dress","GDR7090189","37.3800","48.5900","1","Color: Multi; Size: 140cm","[""192"",""64""]"
"1781","1095","1458","Beadings Collar Sleeveless Exquisite Lace Fluffy Dress","AF364483","31.4800","48.0000","2","Color: Blue; Size: 100cm","[164,36]"
"1788","1095","3698","Flower Printing Squirrel Half Sleeve Mini Dress","XQ288471","56.5600","73.5300","1","Color: Red; Size: 90cm","[""99"",""29""]"
"1794","1101","1458","Beadings Collar Sleeveless Exquisite Lace Fluffy Dress","AF364483","31.4800","48.0000","1","Color: Pink; Size: 100cm","[106,36]"
"1801","1101","1921","Classic Round Collar Long Sleeves Voile Full Dress","VN322138","68.8500","113.0000","1","Color: Purple; Size: 100cm","[94,36]"
"1807","1107","1921","Classic Round Collar Long Sleeves Voile Full Dress","VN322138","68.8500","113.0000","1","Color: Purple; Size: 100cm","[94,36]"
"1814","1107","20499","Cartoon Pattern Stylish Comfy Sweater","GGT7090315","35.2500","45.8300","1","Color: Gray; Size: 100cm","[157,36]"
"1816","1109","12986","Sports Set Long Sleeve Stripe Zipper Jacket+Casual Pants","BG332884","53.6100","69.6900","1","Color: Black; Size: 110cm","[171,43]"
"1823","1109","18854","Black Suits&Blue Shirts&Black Vest&Strip Tie&Black Pants","MS377288","95.9000","124.6700","1","Color: Blue; Size: 120cm","[164,50]"
"1830","1109","19469","Casual Long Style Hooded Thickened Down Jackets","BBC7090094","146.8400","190.8900","1","Color: Green; Size: 120cm","[150,50]"
"1837","1109","8108","Cartoon Hooded Long Sleeve Zipper Warm Jackets","XI388413","33.6100","43.6900","1","Color: Blue; Size: 120cm","[164,50]"
"1844","1116","10839","Fashion Exquisite Embroidered Sleeveless Upscale Mini Dress","BQ337105","28.0300","36.4400","1","Color: Red; Size: 140cm","[99,64]"
"1851","1116","185","Hollow Long Sleeve Exquisite Lace Bowknot Princess Dress","DJ313252","34.4300","34.4300","1","Color: Pink; Size: 140cm","[""106"",""64""]"
"1856","1121","20498","Cartoon Hooded Solid Color Knitted Sweater","GGT7090314","31.9700","41.5600","1","Color: Red; Size: 80cm","[99,22]"
"1858","1123","955","Exquisite Lace Round Collar Sleeveless  Voile Bubble Dress","IP321387","51.6400","105.0000","1","Color: Purple; Size: 120cm","[94,50]"
"1865","1130","2388","Exquisite Delicate Lace Flower Voile Tutu","PM360240","33.4400","0.0000","1","Color: Red; Size: 120cm","[99,50]"
"1872","1137","10529","Fashion Square Collar Waist Tight  Long Sleeve Khaki Trench Coat","AF303989","32.7900","42.6300","1","Color: Khaki; Size: 110cm","[136,43]"
"1879","1137","20498","Cartoon Hooded Solid Color Knitted Sweater","GGT7090314","31.9700","41.5600","1","Color: Red; Size: 70cm","[99,15]"
"1885","1143","20499","Cartoon Pattern Stylish Comfy Sweater","GGT7090315","35.2500","45.8300","1","Color: Gray; Size: 100cm","[157,36]"
"1892","1143","20499","Cartoon Pattern Stylish Comfy Sweater","GGT7090315","35.2500","45.8300","1","Color: Black; Size: 100cm","[171,36]"
"1899","1143","20499","Cartoon Pattern Stylish Comfy Sweater","GGT7090315","35.2500","45.8300","1","Color: Red; Size: 100cm","[99,36]"
"1906","1150","20498","Cartoon Hooded Solid Color Knitted Sweater","GGT7090314","31.9700","41.5600","1","Color: Beige; Size: 70cm","[129,15]"
"1913","1150","20498","Cartoon Hooded Solid Color Knitted Sweater","GGT7090314","31.9700","41.5600","1","Color: Red; Size: 70cm","[99,15]"
"1914","1151","955","Exquisite Lace Round Collar Sleeveless  Voile Bubble Dress","IP321387","51.6400","105.0000","1","Color: Purple; Size: 100cm","[94,36]"
"1919","1156","19078","Thick Cashmere Santa Claus Printing Jumpsuits","GGS7090054","45.9000","59.6700","1","Color: Blue; Size: 60cm","[164,8]"
"1921","1158","1781","Exquisite Flower Sleeveless Voile Full Dress","HL360541","38.0300","58.0000","1","Color: Purple; Size: 110cm","[94,43]"
"1926","1163","18854","Black Suits&Blue Shirts&Black Vest&Strip Tie&Black Pants","MS377288","95.9000","124.6700","1","Color: Blue; Size: 110cm","[164,43]"
"1933","1163","2227","Exquisite Lace Short Sleeves Voile Wedding Dress","AB360307","38.6900","0.0000","1","Color: Purple; Size: 130cm","[94,57]"
"1940","1170","18854","Black Suits&Blue Shirts&Black Vest&Strip Tie&Black Pants","MS377288","95.9000","124.6700","1","Color: Blue; Size: 150cm","[164,71]"
"1947","1170","2227","Exquisite Lace Short Sleeves Voile Wedding Dress","AB360307","38.6900","0.0000","1","Color: Purple; Size: 120cm","[94,50]"
"1949","1172","1781","Exquisite Flower Sleeveless Voile Full Dress","HL360541","38.0300","58.0000","1","Color: Purple; Size: 140cm","[94,64]"
"1954","1177","323","Cute Bowknot Belted 3/4 Length Sleeve V-Neck Princess Dress","AO313548","29.5100","29.5100","1","Color: Red; Size: 110cm","[99,43]"
"1955","1178","12323","Cute Bowknot Sleeveless Tulle Delicate Lace Dress","IB326923","22.6200","29.4100","1","Color: Purple; Size: 140cm","[94,64]"
"1962","1185","20483","Fake Two Pieces Organza Stitching Knitted Dress","GGT7090308","39.9500","51.9400","1","Color: Red; Size: 100cm","[""99"",""36""]"
"1969","1192","2207","Elegant Lace Short Sleeves Voile Wedding Dress","WH360310","38.6900","0.0000","1","Color: Beige; Size: 120cm","[129,50]"
"1970","1193","20478","Fake Two Pieces Comfy Stitching Knitted Dress","GGT7090307","39.9500","51.9400","1","Color: Red; Size: 110cm","[99,43]"
"1977","1193","20478","Fake Two Pieces Comfy Stitching Knitted Dress","GGT7090307","39.9500","51.9400","1","Color: Red; Size: 130cm","[99,57]"
"1984","1193","20478","Fake Two Pieces Comfy Stitching Knitted Dress","GGT7090307","39.9500","51.9400","1","Color: Red; Size: 140cm","[99,64]"
"1991","1200","10368","Solid Color Hollow Out Lace Applique Mid Length Dress","SA323623","59.9500","77.9400","1","Color: White; Size: 120cm","[185,50]"
"1996","1205","2227","Exquisite Lace Short Sleeves Voile Wedding Dress","AB360307","38.6900","0.0000","1","Color: Blue; Size: 130cm","[164,57]"
"2003","1212","2227","Exquisite Lace Short Sleeves Voile Wedding Dress","AB360307","38.6900","0.0000","1","Color: Blue; Size: 130cm","[164,57]"
"2004","1213","14451","Flower Round Collar Sleeveless Voile Full Dress","YJ333891","19.9000","25.8700","1","Color: Blue; Size: 90cm","[164,29]"
"2010","1219","10788","Exquisite 3D Printing Red Belted Short Sleeve Mini Dress","KB337158","27.3000","35.4900","1","Color: Multi; Size: 160cm","[192,78]"
"2012","1221","20478","Fake Two Pieces Comfy Stitching Knitted Dress","GGT7090307","39.9500","51.9400","1","Color: Pink; Size: 110cm","[106,43]"
"2019","1228","323","Cute Bowknot Belted 3/4 Length Sleeve V-Neck Princess Dress","AO313548","29.5100","29.5100","1","Color: Red; Size: 130cm","[99,57]"
"2024","1233","13834","Cute Bowknot Sleeveless Tulle Fluffy Dress","PG324642","27.5400","35.8000","1","Color: Red; Size: 150cm","[99,71]"
"2031","1233","13834","Cute Bowknot Sleeveless Tulle Fluffy Dress","PG324642","27.5400","35.8000","1","Color: Red; Size: 160cm","[99,78]"
"2032","1234","13834","Cute Bowknot Sleeveless Tulle Fluffy Dress","PG324642","27.5400","35.8000","1","Color: Red; Size: 150cm","[99,71]"
"2039","1234","13834","Cute Bowknot Sleeveless Tulle Fluffy Dress","PG324642","27.5400","35.8000","1","Color: Red; Size: 160cm","[99,78]"
"2045","1240","1711","Exquisite Bow Sleeveless Full Dress","HI360581","33.4400","51.0000","1","Color: Purple; Size: 120cm","[94,50]"
"2052","1240","1711","Exquisite Bow Sleeveless Full Dress","HI360581","33.4400","51.0000","1","Color: Purple; Size: 130cm","[94,57]"
"2059","1240","20051","Solid Color Single-breasted Pure Cotton Knitwear","GGT7090213","52.3900","68.1100","2","Color: Purple; Size: 120cm","[94,50]"
"2066","1240","20471","Casual Stripe Loose Flare Sleeves Knitted Cape","GGT7090306","33.6100","43.6900","2","Color: Black+White; Size: 120cm","[178,50]"
"2067","1241","1989","Exquisite Bow Delicate Lace Sleeveless Voile Dress","IP360418","33.4400","51.0000","1","Color: Red; Size: 100cm","[99,36]"
"2074","1248","323","Cute Bowknot Belted 3/4 Length Sleeve V-Neck Princess Dress","AO313548","29.5100","29.5100","1","Color: Red; Size: 120cm","[99,50]"
"2081","1255","12056","Cute Bowknot Sleeveless Round Collar Fluffy Dress","OY321068","62.3000","80.9900","1","Color: White; Size: 150cm","[185,71]"
"2088","1255","12365","Exquisite Embroidered Sleeveless Tulle Fluffy Dress","PK326907","30.8200","40.0700","1","Color: Red; Size: 140cm","[99,64]"
"2095","1255","14148","Exquisite Round Collar Sleeveless Flower Dress","KI325222","38.6900","50.3000","1","Color: Purple; Size: 140cm","[94,64]"
"2102","1255","1963","Delicate Shivering Printing A-line Dress","RY360434","31.1500","38.0000","1","Color: Pink; Size: 140cm","[106,64]"
"2109","1255","19944","Flower Printing Short Sleeve Fluffy Dress","GDR7090189","37.3800","48.5900","2","Color: Multi; Size: 140cm","[192,64]"
"2110","1256","12252","Fashion Sequins Embroidered Bowknot Layered Fluffy Dress","US326982","33.4400","43.4700","1","Color: Blue; Size: 110cm","[""164"",""43""]"
"2115","1261","3852","Cartoon Printing Pleated Long Sleeve Hoodies+Casual Pant","DY363564","56.2300","73.1000","1","Color: Green; Size: 90cm","[150,29]"
"2116","1262","1422","Exquisite Embroidery  Sleeveless Elegant Trailing Long Dress","OJ364501","38.0300","58.0000","1","Color: Purple; Size: 110cm","[""94"",""43""]"
"2123","1269","12252","Fashion Sequins Embroidered Bowknot Layered Fluffy Dress","US326982","33.4400","43.4700","1","Color: Blue; Size: 140cm","[164,64]"
"2129","1275","10368","Solid Color Hollow Out Lace Applique Mid Length Dress","SA323623","59.9500","77.9400","1","Color: White; Size: 120cm","[185,50]"
"2136","1275","10368","Solid Color Hollow Out Lace Applique Mid Length Dress","SA323623","59.9500","77.9400","1","Color: White; Size: 130cm","[185,57]"
"2143","1275","10368","Solid Color Hollow Out Lace Applique Mid Length Dress","SA323623","59.9500","77.9400","1","Color: White; Size: 150cm","[185,71]"
"2145","1277","19839","Pur Cotton Heart Printing Knitwears","GGT7090173","35.5000","46.1500","1","Color: Gray; Size: 90cm","[157,29]"
"2152","1284","10368","Solid Color Hollow Out Lace Applique Mid Length Dress","SA323623","59.9500","77.9400","1","Color: White; Size: 140cm","[185,64]"
"2157","1289","10368","Solid Color Hollow Out Lace Applique Mid Length Dress","SA323623","59.9500","77.9400","1","Color: White; Size: 100cm","[185,36]"
"2164","1289","18784","Exquisite Round Collar Long Sleeves Strip Mini Dress","OR381186","30.8200","40.0700","1","Color: Black; Size: 160cm","[171,78]"
"2171","1289","20890","StereoFlowers Classical Bubble Party Dress","GDR7090395","59.9500","77.9400","1","Color: Red; Size: 100cm","[99,36]"
"2172","1290","12323","Cute Bowknot Sleeveless Tulle Delicate Lace Dress","IB326923","22.6200","29.4100","1","Color: Purple; Size: 70cm","[94,15]"
"2179","1290","2227","Exquisite Lace Short Sleeves Voile Wedding Dress","AB360307","38.6900","0.0000","1","Color: Purple; Size: 120cm","[94,50]"
"2185","1296","18790","Stylish Sequins Bowknot Sleeveless Tulle Fluffy Mini Dress","GDR7090018","38.6900","50.3000","1","Color: Blue; Size: 90cm","[""164"",""29""]"
"2192","1296","409","Lovely Stereoscopic Bowknot Decoration Sleeveless Fluffy Dress","XF313597","39.3400","39.3400","2","Color: White; Size: 160cm","[185,78]"
"2194","1298","1774","Girl's New Style Round Collar Sleeveless Delicate Lace Midi Dress","ES322312","29.5100","126.0000","1","Color: Pink; Size: 140cm","[""106"",""64""]"
"2201","1298","1774","Girl's New Style Round Collar Sleeveless Delicate Lace Midi Dress","ES322312","29.5100","126.0000","1","Color: White; Size: 140cm","[185,64]"
"2208","1305","1774","Girl's New Style Round Collar Sleeveless Delicate Lace Midi Dress","ES322312","29.5100","126.0000","1","Color: Pink; Size: 140cm","[106,64]"
"2215","1305","1774","Girl's New Style Round Collar Sleeveless Delicate Lace Midi Dress","ES322312","29.5100","126.0000","1","Color: White; Size: 140cm","[185,64]"
"2221","1311","1086","Delicate Bow Round Collar Sleeveless Lace Bubble Dress","OS321210","56.5600","115.0000","1","Color: Pink; Size: 120cm","[106,50]"
"2228","1311","1921","Classic Round Collar Long Sleeves Voile Full Dress","VN322138","68.8500","113.0000","1","Color: Purple; Size: 120cm","[94,50]"
"2235","1311","1963","Delicate Shivering Printing A-line Dress","RY360434","31.1500","38.0000","1","Color: Pink; Size: 130cm","[106,57]"
"2236","1312","18790","Stylish Sequins Bowknot Sleeveless Tulle Fluffy Mini Dress","GDR7090018","38.6900","50.3000","1","Color: Blue; Size: 100cm","[164,36]"
"2243","1312","976","Girl's V-Neck Collar Sleeveless Mini Dress","GB324212","95.9000","120.0000","1","Color: Red; Size: 110cm","[99,43]"
"2249","1318","12323","Cute Bowknot Sleeveless Tulle Delicate Lace Dress","IB326923","22.6200","29.4100","1","Color: Purple; Size: 70cm","[94,15]"
"2255","1324","1473","Stereoscopic Flower Sleeveless Elegant Trailing Long Dress","QZ364476","64.9200","99.0000","1","Color: Purple; Size: 110cm","[94,43]"
"2257","1326","2388","Exquisite Delicate Lace Flower Voile Tutu","PM360240","33.4400","0.0000","1","Color: Red; Size: 160cm","[""99"",""78""]"
"2264","1333","2227","Exquisite Lace Short Sleeves Voile Wedding Dress","AB360307","38.6900","0.0000","1","Color: Purple; Size: 150cm","[94,71]"
"2271","1333","2388","Exquisite Delicate Lace Flower Voile Tutu","PM360240","33.4400","0.0000","1","Color: Red; Size: 160cm","[99,78]"
"2276","1338","20499","Cartoon Pattern Stylish Comfy Sweater","GGT7090315","35.2500","45.8300","2","Color: Red; Size: 100cm","[99,36]"
"2283","1342","1921","Classic Round Collar Long Sleeves Voile Full Dress","VN322138","68.8500","113.0000","1","Color: Purple; Size: 100cm","[94,36]"
"2284","1342","955","Exquisite Lace Round Collar Sleeveless  Voile Bubble Dress","IP321387","49.9500","64.9400","1","Color: Purple; Size: 100cm","[94,36]"
"2285","1343","16466","Appliqued Embroidered Pure Cotton Comfy Slim Leggings","FF329128","25.5700","33.2400","2","Color: Gray; Size: 110cm","[157,43]"
"2286","1344","185","Hollow Long Sleeve Exquisite Lace Bowknot Princess Dress","DJ313252","34.4300","34.4300","1","Color: Pink; Size: 110cm","[106,43]"
"2287","1345","20562","Cartoon Side Zipper Thickened Warm Snow Boots","KBO7090333","43.0400","55.9500","1","Color: Brown; Shose Size: 21","[80,359]"
"2288","1346","10278","Girl's Turtleneck Long Sleeves Solid Color Knitwear","ZM348026","51.8000","67.3400","1","Color: Black; Size: 110cm","[171,43]"
"2289","1347","10278","Girl's Turtleneck Long Sleeves Solid Color Knitwear","ZM348026","51.8000","67.3400","1","Color: Black; Size: 110cm","[171,43]"
"2291","1349","10278","Girl's Turtleneck Long Sleeves Solid Color Knitwear","ZM348026","51.8000","67.3400","2","Color: Black; Size: 110cm","[171,43]"
"2292","1350","10278","Girl's Turtleneck Long Sleeves Solid Color Knitwear","ZM348026","51.8000","67.3400","1","Color: Black; Size: 110cm","[171,43]"
"2294","1352","20562","Cartoon Side Zipper Thickened Warm Snow Boots","KBO7090333","43.0400","55.9500","1","Color: Brown; Shose Size: 21","[80,359]"
"2295","1353","10278","Girl's Turtleneck Long Sleeves Solid Color Knitwear","ZM348026","51.8000","67.3400","1","Color: Black; Size: 110cm","[171,43]"
"2296","1354","10278","Girl's Turtleneck Long Sleeves Solid Color Knitwear","ZM348026","51.8000","67.3400","1","Color: Black; Size: 110cm","[171,43]"
"2297","1355","10278","Girl's Turtleneck Long Sleeves Solid Color Knitwear","ZM348026","51.8000","67.3400","1","Color: Black; Size: 110cm","[171,43]"
"2298","1356","10278","Girl's Turtleneck Long Sleeves Solid Color Knitwear","ZM348026","51.8000","67.3400","2","Color: Black; Size: 110cm","[171,43]"
"2299","1357","10278","Girl's Turtleneck Long Sleeves Solid Color Knitwear","ZM348026","51.8000","67.3400","1","Color: Black; Size: 110cm","[171,43]"
"2300","1358","10291","Elegant Round Collar Long Sleeves Delicate Embroidery Mesh Full Dress","HT323689","78.6900","102.3000","1","Color: White; Size: 90cm","[185,29]"
"2301","1359","10278","Girl's Turtleneck Long Sleeves Solid Color Knitwear","ZM348026","51.8000","67.3400","6","Color: Black; Size: 110cm","[171,43]"
"2302","1360","20483","Fake Two Pieces Organza Stitching Knitted Dress","GGT7090308","39.9500","51.9400","1","Color: Brown; Size: 100cm","[80,36]"
"2303","1361","20483","Fake Two Pieces Organza Stitching Knitted Dress","GGT7090308","39.9500","51.9400","1","Color: Brown; Size: 100cm","[80,36]"
"2304","1362","20483","Fake Two Pieces Organza Stitching Knitted Dress","GGT7090308","39.9500","51.9400","1","Color: Brown; Size: 100cm","[80,36]"
"2305","1363","10278","Girl's Turtleneck Long Sleeves Solid Color Knitwear","ZM348026","51.8000","67.3400","1","Color: Black; Size: 110cm","[171,43]"
"2308","1366","20037","Cartoon Velvet Thickened Hooded Warm Coat","GGC7090210","54.9500","71.4400","1","Color: Gray; Size: 80cm","[157,22]"
"2309","1367","20483","Fake Two Pieces Organza Stitching Knitted Dress","GGT7090308","39.9500","51.9400","1","Color: Brown; Size: 100cm","[80,36]"
"2310","1368","20483","Fake Two Pieces Organza Stitching Knitted Dress","GGT7090308","39.9500","51.9400","1","Color: Brown; Size: 100cm","[80,36]"
"2311","1369","18854","Black Suits&Blue Shirts&Black Vest&Strip Tie&Black Pants","MS377288","95.9000","124.6700","1","Color: Blue; Size: 110cm","[164,43]"
"2312","1370","18854","Black Suits&Blue Shirts&Black Vest&Strip Tie&Black Pants","MS377288","95.9000","124.6700","2","Color: Blue; Size: 110cm","[164,43]"
"2318","1376","20483","Fake Two Pieces Organza Stitching Knitted Dress","GGT7090308","39.9500","51.9400","1","Color: Brown; Size: 100cm","[80,36]"
"2319","1377","18854","Black Suits&Blue Shirts&Black Vest&Strip Tie&Black Pants","MS377288","95.9000","124.6700","1","Color: Blue; Size: 110cm","[164,43]"
